taxpayer_id,taxpayer_type,sector,annual_revenue,revenue_growth,tax_to_revenue_ratio,late_filing_count,correction_history_count,related_party_transactions,kpp_region,pkp_status,business_size,cash_transaction_ratio,e_invoice_mismatch_rate,prior_audit_adjustment_amount,demographic_group,leakage_previous_system_score,risk_probability_target,audit_risk_label
WP-2026-00001,Orang Pribadi,Konstruksi,50000000.0,-0.0637,0.0465,3,1,0,KPP Delta,PKP,Mikro,0.1994,0.023,0.0,Group B,60.54,59.1,0
WP-2026-00002,Badan,Digital,50000000.0,0.0517,0.132,2,0,0,KPP Gamma,PKP,Kecil,0.149,0.005,290949.0,Group A,35.51,30.72,0
WP-2026-00003,Orang Pribadi,Jasa,50000000.0,-0.3211,0.2172,1,0,0,KPP Beta,PKP,Menengah,0.1111,0.0472,0.0,Group B,17.29,26.71,0
WP-2026-00004,Badan,Jasa,50000000.0,0.0248,0.0772,1,1,1,KPP Delta,PKP,Kecil,0.3179,0.0158,1432999.0,Group A,13.55,17.54,0
WP-2026-00005,Badan,Transportasi,50000000.0,-0.3965,0.1122,2,0,0,KPP Alpha,PKP,Mikro,0.0502,0.0257,400809.0,Group A,30.56,34.85,1
WP-2026-00006,Orang Pribadi,Manufaktur,50000000.0,0.3193,0.0541,2,1,0,KPP Delta,PKP,Kecil,0.0612,0.1502,0.0,Group B,42.34,43.55,0
WP-2026-00007,Orang Pribadi,Konstruksi,50000000.0,0.2144,0.0316,2,0,1,KPP Gamma,PKP,Kecil,0.1041,0.0657,0.0,Group B,83.49,83.69,0
WP-2026-00008,Orang Pribadi,Jasa,50000000.0,-0.0087,0.0296,2,1,1,KPP Alpha,Non-PKP,Kecil,0.322,0.069,603358.0,Group C,100.0,97.22,1
WP-2026-00009,Badan,,50000000.0,0.0479,0.0562,0,0,0,KPP Alpha,Non-PKP,Menengah,0.1605,0.0199,231931.0,Group C,23.01,22.41,0
WP-2026-00010,Badan,Konstruksi,50000000.0,0.3237,0.0172,2,0,0,KPP Delta,PKP,Kecil,0.1242,0.0513,0.0,Group C,91.26,95.71,1
WP-2026-00011,Badan,Perdagangan,50000000.0,-0.2835,0.0719,0,0,1,KPP Beta,Non-PKP,Menengah,0.3958,0.2426,205885.0,Group C,78.04,64.91,1
WP-2026-00012,Orang Pribadi,Perdagangan,50000000.0,0.1453,0.0435,0,0,0,KPP Epsilon,Non-PKP,Menengah,0.0547,0.0175,4272227.0,Group C,71.37,72.96,0
WP-2026-00013,Badan,Manufaktur,50000000.0,0.3038,0.0505,1,1,0,KPP Delta,PKP,Besar,0.4761,0.1912,1080934.0,Group A,18.13,23.57,0
WP-2026-00014,Orang Pribadi,Konstruksi,50000000.0,-0.4903,0.2199,1,1,0,KPP Delta,PKP,Mikro,0.2301,0.0514,0.0,Group B,21.09,32.4,1
WP-2026-00015,Badan,Transportasi,50000000.0,0.2992,0.1115,1,0,1,KPP Beta,PKP,Mikro,0.1733,0.1155,0.0,Group A,26.9,26.36,0
WP-2026-00016,Badan,Perdagangan,50000000.0,-0.4557,0.0532,1,2,0,KPP Delta,Non-PKP,Kecil,0.0693,0.127,268250.0,Group A,55.59,51.45,0
WP-2026-00017,Badan,Perdagangan,58490943.0,0.0424,0.0617,1,0,0,KPP Epsilon,Non-PKP,Kecil,0.218,0.1465,2994399.0,Group A,7.47,14.31,0
WP-2026-00018,Badan,Digital,50000000.0,-0.2923,0.0368,1,1,0,KPP Alpha,PKP,Kecil,0.0881,0.1042,0.0,Group C,97.26,93.51,1
WP-2026-00019,Orang Pribadi,Perdagangan,56719189.0,0.538,0.0491,0,2,0,KPP Beta,Non-PKP,Menengah,0.3917,0.0421,0.0,Group C,47.39,46.89,1
WP-2026-00020,Badan,Dagang,50000000.0,-0.2903,0.1645,1,1,0,KPP Beta,PKP,Kecil,0.2874,0.0831,3102091.0,Group D,37.19,47.83,0
WP-2026-00021,Orang Pribadi,Jasa,50000000.0,-0.4481,0.0663,1,5,0,KPP Beta,PKP,Mikro,0.499,0.016,0.0,Group D,85.42,81.67,0
WP-2026-00022,Badan,Manufaktur,50000000.0,0.1227,0.107,0,0,0,KPP Delta,PKP,Kecil,0.1114,0.0797,0.0,Group D,9.67,11.27,0
WP-2026-00023,Orang Pribadi,Transportasi,50000000.0,-0.0524,0.0581,1,0,0,KPP Gamma,Non-PKP,Menengah,0.0756,0.1529,0.0,Group A,11.26,18.01,0
WP-2026-00024,Orang Pribadi,Konstruksi,50000000.0,-0.4015,0.0612,0,1,1,KPP Gamma,PKP,Besar,0.086,0.1752,0.0,Group C,80.86,75.12,1
WP-2026-00025,Orang Pribadi,Konstruksi,50000000.0,0.2483,0.0967,3,1,0,KPP Beta,PKP,Menengah,0.6617,0.0627,0.0,Group C,94.82,89.19,1
WP-2026-00026,Badan,Perdagangan,50000000.0,-0.5573,0.2211,2,1,0,KPP Alpha,Non-PKP,Menengah,0.2474,0.273,0.0,Group C,58.75,65.64,1
WP-2026-00027,Badan,Jasa,50000000.0,-0.2516,0.0524,2,0,0,KPP Beta,PKP,Menengah,0.2554,0.1569,0.0,Group A,40.7,38.94,1
WP-2026-00028,Badan,Jasa,50000000.0,-0.1041,0.048,2,1,0,KPP Delta,Non-PKP,Menengah,0.1931,0.0189,1009011.0,Group A,29.2,27.98,0
WP-2026-00029,Badan,Perdagangan,50000000.0,0.3367,0.0435,5,0,0,KPP Delta,PKP,Kecil,0.4113,0.0306,0.0,Group D,94.66,95.06,1
WP-2026-00030,Badan,Perdagangan,50000000.0,0.4945,0.1852,1,0,0,KPP Beta,PKP,Menengah,0.1138,0.1759,0.0,Group A,9.81,12.91,0
WP-2026-00031,Orang Pribadi,Jasa,50000000.0,0.4329,0.0679,1,1,1,KPP Delta,PKP,Menengah,0.2188,0.0103,812222.0,Group A,39.89,40.78,1
WP-2026-00032,Orang Pribadi,Perdagangan,50000000.0,0.031,0.0627,3,1,0,KPP Alpha,Non-PKP,Kecil,0.2642,0.0967,0.0,Group B,44.27,38.64,1
WP-2026-00033,Badan,Manufaktur,50000000.0,-0.6967,0.2941,1,0,0,KPP Beta,Non-PKP,Menengah,0.3801,0.0975,1965711.0,Group A,34.83,32.37,0
WP-2026-00034,Badan,Konstruksi,50000000.0,0.2051,0.0928,2,2,0,KPP Beta,PKP,Kecil,0.3351,0.024,0.0,Group A,30.38,41.94,0
WP-2026-00035,Badan,Perdagangan,50000000.0,0.5506,0.047,0,0,1,KPP Epsilon,PKP,Menengah,0.5195,0.3203,322473.0,Group D,5.71,18.57,0
WP-2026-00036,Badan,Manufaktur,50000000.0,0.4748,0.0467,1,3,0,KPP Delta,Non-PKP,Mikro,0.1098,0.0345,2143371.0,Group C,70.12,81.26,0
WP-2026-00037,Badan,Konstruksi,50000000.0,0.2281,0.0651,3,0,1,KPP Delta,PKP,Menengah,0.175,0.0499,1426246.0,Group D,38.9,47.05,1
WP-2026-00038,Badan,Konstruksi,50000000.0,-0.3006,0.2179,0,0,0,KPP Alpha,PKP,Besar,0.4195,0.0599,266092.0,Group A,22.03,26.57,0
WP-2026-00039,Badan,Transportasi,50000000.0,-0.0881,0.1195,2,2,0,KPP Alpha,Non-PKP,Mikro,0.2373,0.0899,0.0,Group A,41.18,43.89,0
WP-2026-00040,Badan,Jasa,50000000.0,0.6988,0.114,1,0,0,KPP Delta,PKP,Kecil,0.3333,0.266,12282764.0,Group B,12.7,13.1,1
WP-2026-00041,Badan,Transportasi,50000000.0,-0.3734,0.116,0,0,0,KPP Beta,Non-PKP,Mikro,0.2626,0.0177,0.0,Group B,8.55,8.76,0
WP-2026-00042,Orang Pribadi,Perdagangan,50000000.0,-0.2873,0.0538,3,0,1,KPP Epsilon,PKP,Mikro,0.2592,0.0917,0.0,Group A,59.59,59.88,1
WP-2026-00043,Badan,Jasa,50000000.0,0.3816,0.1347,2,1,0,KPP Delta,Non-PKP,Besar,0.058,0.0946,0.0,Group C,83.59,76.73,1
WP-2026-00044,Badan,,50000000.0,-0.058,0.038,1,0,0,KPP Gamma,Non-PKP,Kecil,0.288,0.024,543097.0,Group D,42.92,52.98,0
WP-2026-00045,Orang Pribadi,Jasa,50000000.0,-0.2982,0.1829,0,0,0,KPP Delta,PKP,Kecil,0.3017,0.0707,1149110.0,Group B,12.14,10.14,0
WP-2026-00046,Orang Pribadi,Jasa,50000000.0,0.569,0.0963,2,0,0,KPP Epsilon,PKP,Kecil,0.0851,0.0583,600910.0,Group B,19.63,17.66,0
WP-2026-00047,Badan,Perdagangan,50000000.0,0.2275,0.0653,0,1,0,KPP Gamma,PKP,Besar,0.2094,0.0145,0.0,Group B,15.88,23.45,1
WP-2026-00048,Badan,Konstruksi,50000000.0,-0.0422,0.0186,1,2,0,KPP Delta,Non-PKP,Kecil,0.1403,0.1455,919812.0,Group A,90.2,87.0,1
WP-2026-00049,Badan,Jasa,50000000.0,-0.2866,0.0675,1,1,1,KPP Epsilon,PKP,Menengah,0.5142,0.1559,8429028.0,Group A,57.91,55.67,1
WP-2026-00050,Badan,perdagangan,50000000.0,0.7352,0.1419,1,1,0,KPP Beta,PKP,Kecil,0.1754,0.0835,0.0,Group B,20.64,20.9,0
WP-2026-00051,Badan,Perdagangan,50000000.0,0.0722,0.1446,2,1,0,KPP Epsilon,Non-PKP,Mikro,0.0455,0.0483,0.0,Group B,30.47,44.97,1
WP-2026-00052,Badan,Jasa,50000000.0,0.5271,0.0119,2,0,0,KPP Alpha,PKP,Menengah,0.3989,0.0692,0.0,Group B,77.74,71.96,1
WP-2026-00053,Orang Pribadi,Jasa,50000000.0,0.366,0.1148,1,0,0,KPP Delta,PKP,Mikro,0.298,0.0107,0.0,Group C,51.69,50.33,1
WP-2026-00054,Badan,Jasa,50000000.0,-0.0867,0.0353,1,1,0,KPP Delta,PKP,Menengah,0.1663,0.156,0.0,Group A,78.37,75.95,0
WP-2026-00055,Badan,Perdagangan,50000000.0,-0.0841,0.0356,1,0,0,KPP Delta,Non-PKP,Kecil,0.2472,0.0176,0.0,Group A,35.83,56.18,0
WP-2026-00056,Orang Pribadi,Konstruksi,50000000.0,0.5428,0.1184,0,0,0,KPP Gamma,PKP,Menengah,0.2801,0.0517,0.0,Group A,19.24,22.43,0
WP-2026-00057,Badan,Digital,50000000.0,0.548,0.2122,1,0,0,KPP Delta,Non-PKP,Menengah,0.3206,0.1172,4887887.0,Group A,10.19,18.79,0
WP-2026-00058,Badan,Manufaktur,50000000.0,-0.5206,0.0733,2,0,1,KPP Alpha,PKP,Menengah,0.2063,0.1859,0.0,Group B,57.24,49.48,1
WP-2026-00059,Badan,Manufaktur,50000000.0,0.2559,0.1393,1,1,0,KPP Alpha,Non-PKP,Mikro,0.2915,0.1533,613733.0,Group C,57.77,64.4,1
WP-2026-00060,Badan,Transportasi,50000000.0,0.0412,0.2007,5,4,0,KPP Beta,PKP,Menengah,0.3547,0.108,0.0,Group D,93.95,85.07,1
WP-2026-00061,Badan,Digital,50000000.0,-0.2507,0.1067,1,1,1,KPP Gamma,PKP,Besar,0.0706,0.1337,0.0,Group B,44.59,38.87,1
WP-2026-00062,Badan,Manufaktur,50000000.0,0.1638,0.05,2,0,1,KPP Gamma,Non-PKP,Kecil,0.094,0.0767,328449.0,Group B,38.86,37.53,0
WP-2026-00063,Badan,Transportasi,50000000.0,-0.3519,0.0198,3,0,1,KPP Beta,Non-PKP,Kecil,0.1486,0.0884,0.0,Group A,96.08,89.27,1
WP-2026-00064,Orang Pribadi,Digital,50000000.0,-0.0693,0.1622,2,2,0,KPP Epsilon,PKP,Menengah,0.0595,0.1029,0.0,Group B,33.15,38.82,0
WP-2026-00065,Badan,Konstruksi,50000000.0,-0.1755,0.2075,2,1,0,KPP Beta,PKP,Mikro,0.5503,0.1729,277494.0,Group A,65.62,70.21,0
WP-2026-00066,Badan,Jasa,50000000.0,-0.0799,0.0465,1,0,0,KPP Gamma,PKP,Menengah,0.0933,0.1291,0.0,Group C,38.58,33.05,1
WP-2026-00067,Badan,Perdagangan,50000000.0,0.0571,0.058,3,0,0,KPP Gamma,PKP,Menengah,0.3811,0.0364,1133784.0,Group B,17.55,23.18,1
WP-2026-00068,Badan,Perdagangan,50000000.0,-0.245,0.0875,1,1,0,KPP Alpha,Non-PKP,Mikro,0.0751,0.2474,1111897.0,Group A,20.32,28.27,0
WP-2026-00069,Badan,Jasa,50000000.0,0.5834,0.1899,1,0,0,KPP Delta,Non-PKP,Menengah,0.1252,0.0269,0.0,Group A,19.47,21.4,0
WP-2026-00070,Badan,Manufaktur,50000000.0,0.2379,0.0423,1,0,1,KPP Gamma,PKP,Menengah,0.3689,0.0251,1074285.0,Group A,73.32,78.61,1
WP-2026-00071,Badan,Jasa,50000000.0,0.6543,0.1197,2,2,1,KPP Alpha,PKP,Kecil,0.4564,0.1725,483280.0,Group D,74.33,63.14,1
WP-2026-00072,Badan,Manufaktur,50000000.0,0.0288,0.0543,0,2,0,KPP Epsilon,PKP,Besar,0.0792,0.1001,4146603.0,Group A,35.47,30.82,1
WP-2026-00073,Orang Pribadi,Manufaktur,50000000.0,-0.0956,0.1745,0,0,1,KPP Delta,PKP,Mikro,0.3454,0.0792,0.0,Group A,19.28,22.73,0
WP-2026-00074,Badan,Transportasi,50000000.0,0.6427,0.0615,0,1,1,KPP Delta,PKP,Kecil,0.0513,0.0686,3292931.0,Group A,14.73,20.74,0
WP-2026-00075,Badan,Perdagangan,50000000.0,-0.105,0.1784,2,0,0,KPP Epsilon,Non-PKP,Besar,0.0772,0.1497,0.0,Group C,51.27,49.23,1
WP-2026-00076,Badan,Perdagangan,50000000.0,0.0229,0.0202,0,3,1,KPP Epsilon,PKP,Kecil,0.4046,0.1067,0.0,Group B,75.65,68.53,0
WP-2026-00077,Badan,Konstruksi,650000000.0,0.3104,0.1633,2,0,0,KPP Beta,PKP,Menengah,0.5138,0.0461,1896815.0,Group B,22.0,20.26,0
WP-2026-00078,Badan,Transportasi,50000000.0,-0.3161,0.118,0,1,0,KPP Delta,Non-PKP,Mikro,0.4147,0.2154,846045.0,Group A,25.92,31.62,0
WP-2026-00079,Badan,Digital,50000000.0,0.3076,0.1195,1,1,1,KPP Delta,PKP,Kecil,0.3766,0.1867,0.0,Group A,34.78,43.4,1
WP-2026-00080,Orang Pribadi,Transportasi,50000000.0,0.2667,0.0593,3,0,0,KPP Beta,PKP,Mikro,0.2872,0.0565,0.0,Group C,65.67,67.94,1
WP-2026-00081,Badan,Transportasi,50000000.0,0.4862,0.0143,0,0,0,KPP Beta,PKP,Menengah,0.183,0.1384,2228216.0,Group A,33.76,31.87,0
WP-2026-00082,Badan,Jasa,50000000.0,0.3648,0.0376,2,1,1,KPP Alpha,PKP,Menengah,0.4515,0.0841,0.0,Group A,90.8,93.62,1
WP-2026-00083,Orang Pribadi,Jasa,50000000.0,0.496,0.1519,1,1,0,KPP Delta,PKP,Besar,0.307,0.1265,0.0,Group B,21.26,15.22,0
WP-2026-00084,Badan,Perdagangan,50000000.0,0.0447,0.08,3,0,0,KPP Delta,PKP,Besar,0.128,0.0139,0.0,Group A,47.36,44.2,1
WP-2026-00085,Badan,Manufaktur,50000000.0,-0.1961,0.0898,2,1,0,KPP Delta,PKP,Menengah,0.0848,0.2259,739055.0,Group A,66.33,64.9,1
WP-2026-00086,Badan,Digital,50000000.0,0.7552,,1,2,0,KPP Beta,PKP,Menengah,0.1163,0.0366,774622.0,Group C,66.74,63.69,0
WP-2026-00087,Orang Pribadi,Jasa,50000000.0,-0.4085,0.134,1,0,0,KPP Alpha,PKP,Menengah,0.2093,0.0354,0.0,Group B,2.37,10.7,0
WP-2026-00088,Badan,Manufaktur,50000000.0,-0.3765,0.153,0,2,0,KPP Gamma,PKP,Besar,0.17,0.1272,6104163.0,Group A,37.62,40.61,0
WP-2026-00089,Badan,Jasa,50000000.0,0.2608,0.107,0,1,1,KPP Gamma,PKP,Menengah,0.3647,0.0515,0.0,Group A,5.82,12.06,0
WP-2026-00090,Badan,Perdagangan,185626458.0,0.6,0.1677,1,1,0,KPP Epsilon,PKP,Besar,0.0987,0.0878,0.0,Group C,75.27,72.97,1
WP-2026-00091,Badan,,50000000.0,0.1407,0.2205,1,3,0,KPP Epsilon,PKP,Kecil,0.2831,0.022,609974.0,Group A,38.05,44.2,1
WP-2026-00092,Badan,Perdagangan,50000000.0,0.3998,0.1273,2,1,0,KPP Epsilon,PKP,Kecil,0.0369,0.0913,0.0,Group A,33.63,33.14,0
WP-2026-00093,Badan,Digital,50000000.0,-0.5587,0.2128,1,1,0,KPP Delta,PKP,Menengah,0.151,0.1085,0.0,Group B,18.02,19.0,0
WP-2026-00094,Badan,Jasa,50000000.0,-0.0799,0.1491,1,1,0,KPP Epsilon,Non-PKP,Kecil,0.4318,0.1284,0.0,Group B,14.48,10.88,1
WP-2026-00095,Badan,Transportasi,50000000.0,-0.5197,0.0734,0,2,0,KPP Gamma,PKP,Kecil,0.1309,0.0072,0.0,Group D,21.38,28.56,0
WP-2026-00096,Badan,Konstruksi,50000000.0,0.3297,0.178,0,1,0,KPP Alpha,PKP,Besar,0.3505,0.0572,0.0,Group A,31.48,28.77,0
WP-2026-00097,Badan,Perdagangan,50000000.0,-0.4151,0.071,4,0,0,KPP Alpha,PKP,Kecil,0.0645,0.0895,2944209.0,Group A,56.44,62.86,1
WP-2026-00098,Badan,Perdagangan,50000000.0,-0.3289,,0,0,0,KPP Beta,PKP,Kecil,0.1301,0.0566,0.0,Group B,45.89,51.68,0
WP-2026-00099,Badan,Transportasi,50000000.0,0.2445,0.0711,0,1,0,KPP Beta,Non-PKP,Kecil,0.252,0.0186,409456.0,Group B,11.94,12.79,0
WP-2026-00100,Orang Pribadi,Perdagangan,50000000.0,0.4198,0.1025,2,0,0,KPP Alpha,Non-PKP,Kecil,0.3851,0.0756,0.0,Group A,57.71,50.55,1
WP-2026-00101,Orang Pribadi,Digital,50000000.0,0.0291,0.1078,0,0,0,KPP Epsilon,Non-PKP,Menengah,0.2334,0.0362,57540.0,Group B,1.64,6.69,0
WP-2026-00102,Badan,Perdagangan,50000000.0,0.2625,0.1174,2,3,0,KPP Alpha,PKP,Besar,0.2812,0.0443,0.0,Group A,60.31,70.98,1
WP-2026-00103,Badan,Konstruksi,50000000.0,0.2521,0.1895,2,2,0,KPP Epsilon,PKP,Besar,0.0986,0.0948,2382308.0,Group C,67.17,72.84,0
WP-2026-00104,Orang Pribadi,Transportasi,50000000.0,0.0111,0.062,2,2,1,KPP Delta,Non-PKP,Menengah,0.2523,0.0111,0.0,Group C,77.8,80.11,1
WP-2026-00105,Orang Pribadi,Perdagangan,50000000.0,-0.2703,0.0809,1,0,0,KPP Delta,PKP,Menengah,0.2542,0.3066,0.0,Group B,37.52,26.31,0
WP-2026-00106,Badan,Perdagangan,50000000.0,0.2608,0.3545,0,2,0,KPP Delta,PKP,Kecil,0.1879,0.1142,0.0,Group D,31.13,28.8,0
WP-2026-00107,Badan,Digital,50000000.0,0.2762,0.0379,0,4,0,KPP Beta,PKP,Besar,0.4488,0.0604,0.0,Group D,81.26,85.78,1
WP-2026-00108,Badan,Perdagangan,50000000.0,0.3661,0.0732,0,1,0,KPP Delta,PKP,Kecil,0.1008,0.0798,0.0,Group A,6.71,7.56,0
WP-2026-00109,Badan,Jasa,50000000.0,0.1799,0.1321,0,4,0,KPP Alpha,Non-PKP,Mikro,0.0519,0.035,805244.0,Group A,42.79,33.36,0
WP-2026-00110,Orang Pribadi,Jasa,50000000.0,-0.2939,0.1975,3,0,0,KPP Epsilon,Non-PKP,Besar,0.2807,0.011,0.0,Group B,26.86,28.3,0
WP-2026-00111,Badan,Perdagangan,50000000.0,0.3009,0.0393,2,0,0,KPP Beta,PKP,Besar,0.36,0.0346,900337.0,Group A,61.71,63.08,0
WP-2026-00112,Badan,,50000000.0,0.0796,0.1634,0,0,0,KPP Beta,PKP,Kecil,0.2118,0.0288,1277567.0,Group B,2.46,4.89,0
WP-2026-00113,Badan,Konstruksi,50000000.0,-0.0745,0.1383,0,2,0,KPP Delta,Non-PKP,Menengah,0.2977,0.0332,0.0,Group A,26.2,22.02,0
WP-2026-00114,Badan,Jasa,50000000.0,-0.0143,0.0575,1,0,1,KPP Delta,PKP,Kecil,0.5318,0.1569,463041.0,Group D,21.61,24.77,0
WP-2026-00115,Badan,Transportasi,50000000.0,-0.1409,0.097,1,1,0,KPP Gamma,Non-PKP,Kecil,0.1493,0.1143,0.0,Group B,22.47,17.23,1
WP-2026-00116,Orang Pribadi,Perdagangan,50000000.0,0.3644,0.0661,2,3,0,KPP Delta,PKP,Kecil,0.0716,0.0309,1908486.0,Group C,80.47,74.1,1
WP-2026-00117,Orang Pribadi,,50000000.0,-0.3738,0.0309,2,0,1,KPP Alpha,Non-PKP,Mikro,0.3524,0.0035,714756.0,Group B,84.95,81.27,1
WP-2026-00118,Badan,Manufaktur,50000000.0,-0.2379,0.1844,2,0,0,KPP Delta,PKP,Menengah,0.148,0.1494,18819.0,Group A,32.24,33.59,1
WP-2026-00119,Badan,Digital,50000000.0,-0.0252,0.0033,4,2,0,KPP Beta,PKP,Kecil,0.256,0.0698,0.0,Group C,88.34,96.73,1
WP-2026-00120,Badan,Perdagangan,50000000.0,0.5964,0.1489,0,0,0,KPP Beta,Non-PKP,Menengah,0.2995,0.1602,2874977.0,Group A,8.01,9.35,0
WP-2026-00121,Badan,perdagangan,50000000.0,0.4174,0.1311,0,1,1,KPP Alpha,Non-PKP,Kecil,0.3277,0.0905,403172.0,Group A,13.4,17.41,1
WP-2026-00122,Badan,Manufaktur,50000000.0,-0.4451,0.0364,5,0,0,KPP Beta,Non-PKP,Besar,0.7171,0.0569,0.0,Group A,92.77,97.44,1
WP-2026-00123,Badan,Transportasi,50000000.0,0.5124,0.0624,0,1,1,KPP Beta,PKP,Menengah,0.2775,0.0408,0.0,Group C,42.2,43.63,1
WP-2026-00124,Badan,Perdagangan,50000000.0,0.5118,0.0367,2,0,0,KPP Gamma,Non-PKP,Besar,0.0634,0.0484,95836.0,Group A,60.35,57.47,0
WP-2026-00125,Badan,Jasa,50000000.0,-0.2957,0.1191,2,0,0,KPP Alpha,PKP,Mikro,0.6373,0.0891,0.0,Group A,30.8,34.53,0
WP-2026-00126,Badan,Konstruksi,50000000.0,-0.7269,0.3282,3,0,0,KPP Alpha,PKP,Menengah,0.5037,0.0552,0.0,Group A,19.49,27.74,1
WP-2026-00127,Badan,Jasa,50000000.0,0.0569,0.0453,1,0,0,KPP Gamma,PKP,Besar,0.3001,0.0445,1228811.0,Group A,16.55,22.31,0
WP-2026-00128,Badan,Perdagangan,50000000.0,0.4392,0.2279,4,1,0,KPP Alpha,PKP,Kecil,0.3295,0.0459,495315.0,Group A,83.94,73.8,0
WP-2026-00129,Badan,Perdagangan,50000000.0,0.5892,0.0711,1,0,0,KPP Delta,Non-PKP,Kecil,0.1185,0.0231,0.0,Group B,30.97,27.67,0
WP-2026-00130,Badan,Jasa,50000000.0,-0.1987,0.0801,0,2,0,KPP Epsilon,Non-PKP,Kecil,0.3462,0.1649,0.0,Group A,14.4,20.15,0
WP-2026-00131,Badan,Jasa,50000000.0,0.6406,0.0744,4,0,0,KPP Gamma,PKP,Kecil,0.1028,0.1599,0.0,Group A,71.79,64.05,0
WP-2026-00132,Orang Pribadi,Transportasi,50000000.0,-0.6329,,0,3,1,KPP Epsilon,PKP,Kecil,0.2247,0.039,0.0,Group B,43.04,44.48,1
WP-2026-00133,Badan,Manufaktur,50000000.0,-0.0378,0.0433,0,1,0,KPP Alpha,PKP,Kecil,0.1376,0.1733,0.0,Group C,92.02,78.35,1
WP-2026-00134,Badan,Konstruksi,50000000.0,-0.0535,0.0793,1,0,0,KPP Alpha,PKP,Kecil,0.2155,0.0303,1738462.0,Group A,14.19,12.62,0
WP-2026-00135,Badan,Digital,50000000.0,0.4487,0.0878,0,2,0,KPP Delta,PKP,Menengah,0.2957,0.0293,842425.0,Group A,26.17,22.78,1
WP-2026-00136,Badan,Jasa,50000000.0,0.4955,0.1218,1,0,0,KPP Delta,Non-PKP,Mikro,0.0546,0.101,426198.0,Group A,22.93,17.9,0
WP-2026-00137,Orang Pribadi,Jasa,50000000.0,0.3854,0.1019,1,1,0,KPP Delta,PKP,Kecil,0.3314,0.0968,3057471.0,Group D,38.88,29.97,1
WP-2026-00138,Badan,Digital,50000000.0,-0.3522,0.1157,1,0,0,KPP Alpha,PKP,Menengah,0.0757,0.1223,1927555.0,Group A,19.46,22.09,0
WP-2026-00139,Orang Pribadi,Perdagangan,50000000.0,0.356,0.2303,1,0,0,KPP Delta,Non-PKP,Mikro,0.3732,0.0173,0.0,Group A,26.03,17.64,0
WP-2026-00140,Badan,Konstruksi,50000000.0,0.2429,0.0042,0,0,0,KPP Beta,PKP,Kecil,0.2681,0.1848,0.0,Group B,52.84,56.58,1
WP-2026-00141,Badan,Konstruksi,50000000.0,-0.4548,0.0266,2,1,0,KPP Beta,PKP,Kecil,0.1443,0.0187,0.0,Group A,80.26,82.43,0
WP-2026-00142,Badan,Perdagangan,50000000.0,-0.5814,0.0533,2,1,0,KPP Alpha,PKP,Mikro,0.0707,0.0608,1016046.0,Group A,41.1,41.05,0
WP-2026-00143,Orang Pribadi,Jasa,50000000.0,0.4122,0.0263,0,0,0,KPP Epsilon,PKP,Kecil,0.3363,0.2785,748767.0,Group A,45.73,40.21,0
WP-2026-00144,Badan,Perdagangan,50000000.0,0.0224,0.0467,2,1,0,KPP Alpha,PKP,Mikro,0.4097,0.049,0.0,Group B,26.58,28.56,0
WP-2026-00145,Badan,Perdagangan,50000000.0,-0.3313,0.0141,2,3,0,KPP Delta,Non-PKP,Kecil,0.1484,0.1404,0.0,Group B,97.48,87.58,1
WP-2026-00146,Badan,Jasa,50000000.0,0.0134,0.0534,0,2,0,KPP Delta,PKP,Besar,0.2388,0.1109,0.0,Group B,20.51,12.55,0
WP-2026-00147,Badan,,50000000.0,0.1965,0.1601,0,0,0,KPP Delta,Non-PKP,Besar,0.1673,0.0852,0.0,Group C,58.11,57.87,1
WP-2026-00148,Badan,,50000000.0,0.0535,0.044,0,0,0,KPP Delta,Non-PKP,Kecil,0.7472,0.0615,277258.0,Group A,42.77,48.57,1
WP-2026-00149,Badan,Digital,50000000.0,-0.4166,,3,0,0,KPP Delta,Non-PKP,Kecil,0.1594,0.0914,0.0,Group D,64.29,58.29,0
WP-2026-00150,Badan,Transportasi,50000000.0,0.6834,0.1358,2,0,1,KPP Alpha,Non-PKP,Kecil,0.2368,0.0637,0.0,Group C,56.67,69.24,1
WP-2026-00151,Orang Pribadi,Perdagangan,50000000.0,0.4013,0.0922,1,2,1,KPP Alpha,Non-PKP,Besar,0.4784,0.089,1916113.0,Group C,87.17,82.73,1
WP-2026-00152,Orang Pribadi,Perdagangan,50000000.0,-0.0273,0.0235,0,2,1,KPP Gamma,Non-PKP,Menengah,0.1507,0.0883,0.0,Group C,89.02,93.96,1
WP-2026-00153,Badan,Dagang,50000000.0,-0.0144,0.1574,0,2,1,KPP Beta,PKP,Mikro,0.2554,0.0834,0.0,Group A,59.93,52.4,1
WP-2026-00154,Badan,Perdagangan,50000000.0,0.195,0.0384,1,0,1,KPP Alpha,PKP,Mikro,0.2485,0.1085,396049.0,Group A,63.71,72.02,1
WP-2026-00155,Badan,Digital,50000000.0,-0.2815,0.0647,0,0,0,KPP Alpha,Non-PKP,Kecil,0.3057,0.0439,0.0,Group B,14.36,18.33,0
WP-2026-00156,Badan,Jasa,50000000.0,0.1833,0.2007,1,1,0,KPP Beta,Non-PKP,Besar,0.1852,0.0666,0.0,Group A,30.88,28.25,0
WP-2026-00157,Badan,Perdagangan,50000000.0,-0.3458,0.0208,3,0,0,KPP Alpha,Non-PKP,Besar,0.6199,0.0898,0.0,Group B,98.61,95.0,1
WP-2026-00158,Badan,Transportasi,50000000.0,0.0574,0.1735,2,0,0,KPP Alpha,PKP,Mikro,0.2831,0.0302,0.0,Group A,19.18,22.94,0
WP-2026-00159,Orang Pribadi,Jasa,50000000.0,-0.2939,0.097,2,1,0,KPP Epsilon,Non-PKP,Menengah,0.1667,0.0254,0.0,Group A,38.67,40.66,1
WP-2026-00160,Orang Pribadi,Perdagangan,50000000.0,-0.2778,0.0939,0,1,1,KPP Beta,Non-PKP,Mikro,0.099,0.0602,1408497.0,Group D,35.21,29.49,0
WP-2026-00161,Badan,Perdagangan,50000000.0,0.6066,0.055,2,2,0,KPP Epsilon,PKP,Menengah,0.3565,0.0498,0.0,Group C,83.19,77.15,1
WP-2026-00162,Orang Pribadi,Manufaktur,50000000.0,0.099,0.2056,0,0,0,KPP Epsilon,PKP,Besar,0.2755,0.0277,966399.0,Group B,7.44,9.55,0
WP-2026-00163,Badan,Konstruksi,50000000.0,0.1464,0.1041,0,0,0,KPP Alpha,PKP,Kecil,0.2593,0.045,0.0,Group A,0.57,4.21,0
WP-2026-00164,Badan,Perdagangan,50000000.0,-0.5636,0.1799,2,2,0,KPP Delta,PKP,Mikro,0.3636,0.0034,430598.0,Group B,43.25,51.47,1
WP-2026-00165,Badan,Digital,50000000.0,-0.111,0.0298,2,2,0,KPP Delta,PKP,Menengah,0.2507,0.0317,1286131.0,Group D,93.2,91.68,1
WP-2026-00166,Badan,Transportasi,50000000.0,0.2276,0.0054,1,2,0,KPP Delta,PKP,Kecil,0.1996,0.103,0.0,Group B,66.3,61.42,0
WP-2026-00167,Orang Pribadi,Transportasi,50000000.0,0.1421,0.1602,1,0,0,KPP Alpha,PKP,Menengah,0.1571,0.0577,0.0,Group B,9.14,8.23,0
WP-2026-00168,Orang Pribadi,Perdagangan,50000000.0,-0.6093,0.0942,1,0,0,KPP Alpha,Non-PKP,Kecil,0.3974,0.0428,704329.0,Group B,21.91,27.46,0
WP-2026-00169,Badan,Perdagangan,50000000.0,0.1463,0.0305,3,0,0,KPP Alpha,PKP,Besar,0.3231,0.2362,0.0,Group A,100.0,89.63,1
WP-2026-00170,Orang Pribadi,Transportasi,50000000.0,0.1973,0.1019,1,0,0,KPP Delta,Non-PKP,Kecil,0.1024,0.1005,1949206.0,Group C,28.03,40.65,0
WP-2026-00171,Badan,Jasa,500000000.0,0.4908,0.2255,3,0,0,KPP Epsilon,PKP,Mikro,0.3141,0.0781,0.0,Group D,42.76,37.49,0
WP-2026-00172,Badan,Manufaktur,50000000.0,-0.1297,0.0831,0,1,0,KPP Delta,Non-PKP,Kecil,0.2268,0.0907,11744636.0,Group B,17.27,15.97,0
WP-2026-00173,Badan,Konstruksi,50000000.0,-0.6375,0.1531,1,0,0,KPP Delta,PKP,Mikro,0.2275,0.0656,0.0,Group B,35.96,33.15,0
WP-2026-00174,Orang Pribadi,Perdagangan,50000000.0,-0.239,0.1612,0,1,0,KPP Epsilon,PKP,Kecil,0.2042,0.0983,0.0,Group B,9.57,14.29,0
WP-2026-00175,Badan,Konstruksi,50000000.0,-0.2711,0.0606,1,0,1,KPP Delta,PKP,Menengah,0.0804,0.1638,0.0,Group B,29.81,30.73,1
WP-2026-00176,Badan,Digital,50000000.0,0.3157,0.1954,0,2,0,KPP Alpha,PKP,Mikro,0.1559,0.049,0.0,Group D,36.23,34.47,0
WP-2026-00177,Badan,Konstruksi,50000000.0,-0.7894,0.0764,0,4,0,KPP Epsilon,PKP,Mikro,0.2399,0.0588,0.0,Group C,67.87,68.38,0
WP-2026-00178,Orang Pribadi,Jasa,50000000.0,-0.0635,0.1825,1,0,0,KPP Beta,Non-PKP,Mikro,0.1656,0.2317,0.0,Group A,2.3,13.06,0
WP-2026-00179,Orang Pribadi,Transportasi,50000000.0,0.5363,0.2726,0,1,0,KPP Alpha,Non-PKP,Mikro,0.2879,0.0201,949535.0,Group A,23.84,13.57,0
WP-2026-00180,Orang Pribadi,Manufaktur,50000000.0,0.0823,0.0446,2,0,0,KPP Gamma,PKP,Besar,0.2182,0.1703,0.0,Group B,86.67,82.76,1
WP-2026-00181,Orang Pribadi,Konstruksi,62860510.0,0.3668,0.0821,1,0,1,KPP Epsilon,Non-PKP,Besar,0.2491,0.064,0.0,Group A,16.46,16.25,1
WP-2026-00182,Orang Pribadi,Transportasi,50000000.0,-0.4454,0.246,3,0,0,KPP Beta,PKP,Mikro,0.3077,0.1333,238450.0,Group B,33.12,32.53,1
WP-2026-00183,Badan,Konstruksi,50000000.0,-0.4326,0.077,1,0,1,KPP Gamma,PKP,Menengah,0.1353,0.0372,188839.0,Group C,82.02,71.91,1
WP-2026-00184,Badan,Jasa,50000000.0,0.5399,0.0987,2,0,0,KPP Alpha,PKP,Menengah,0.1215,0.0614,713123.0,Group C,54.73,59.18,0
WP-2026-00185,Orang Pribadi,Perdagangan,50000000.0,0.1124,,2,1,1,KPP Alpha,PKP,Besar,0.1653,0.0358,0.0,Group A,42.63,48.44,0
WP-2026-00186,Badan,Perdagangan,50000000.0,0.113,0.0429,2,1,1,KPP Alpha,PKP,Kecil,0.104,0.0509,14935211.0,Group C,100.0,95.51,1
WP-2026-00187,Badan,Manufaktur,50000000.0,-0.2778,0.1778,3,0,0,KPP Delta,Non-PKP,Kecil,0.3525,0.1106,0.0,Group C,85.95,83.17,1
WP-2026-00188,Badan,Manufaktur,50000000.0,0.1123,0.1264,3,1,0,KPP Epsilon,PKP,Kecil,0.4376,0.0917,0.0,Group A,27.66,33.72,0
WP-2026-00189,Orang Pribadi,Manufaktur,50000000.0,-0.2867,0.1,2,0,0,KPP Alpha,Non-PKP,Besar,0.0931,0.0211,631109.0,Group B,35.95,29.42,0
WP-2026-00190,Badan,Jasa,50000000.0,0.4598,0.0337,1,1,0,KPP Beta,PKP,Menengah,0.5021,0.1049,0.0,Group B,74.51,72.74,1
WP-2026-00191,Orang Pribadi,Konstruksi,50000000.0,0.9529,0.0451,2,0,0,KPP Alpha,PKP,Kecil,0.378,0.0049,0.0,Group C,35.48,40.86,0
WP-2026-00192,Badan,Digital,50000000.0,0.2349,0.0859,1,1,0,KPP Alpha,PKP,Kecil,0.2381,0.0832,0.0,Group A,20.05,17.11,0
WP-2026-00193,Badan,Perdagangan,50000000.0,-0.1232,0.1919,2,1,1,KPP Gamma,PKP,Menengah,0.1303,0.0237,0.0,Group A,46.39,44.34,0
WP-2026-00194,Orang Pribadi,Konstruksi,50000000.0,-0.7308,0.2226,2,0,0,KPP Delta,PKP,Besar,0.2038,0.2812,0.0,Group B,34.06,34.59,1
WP-2026-00195,Badan,Konstruksi,50000000.0,-0.459,0.075,0,1,1,KPP Delta,Non-PKP,Kecil,0.253,0.0421,389373.0,Group A,56.46,54.16,1
WP-2026-00196,Badan,Manufaktur,50000000.0,0.5776,0.0215,2,0,0,KPP Beta,Non-PKP,Menengah,0.1039,0.1299,763542.0,Group B,62.37,58.61,1
WP-2026-00197,Badan,Perdagangan,50000000.0,-0.2493,0.1178,2,2,0,KPP Gamma,PKP,Kecil,0.3038,0.1491,1150409.0,Group C,81.89,76.41,1
WP-2026-00198,Orang Pribadi,Konstruksi,50000000.0,-0.0387,0.0861,1,1,1,KPP Alpha,PKP,Kecil,0.0915,0.0269,0.0,Group A,41.04,40.4,0
WP-2026-00199,Badan,Digital,50000000.0,0.2897,,1,1,0,KPP Alpha,PKP,Menengah,0.2403,0.0758,4876551.0,Group B,13.29,14.91,0
WP-2026-00200,Badan,Konstruksi,50000000.0,0.5543,0.2,1,1,0,KPP Epsilon,PKP,Menengah,0.5176,0.1192,3524800.0,Group D,36.02,34.58,1
WP-2026-00201,Orang Pribadi,Digital,50000000.0,0.0161,0.0441,0,2,1,KPP Delta,PKP,Besar,0.234,0.0286,0.0,Group B,79.2,72.05,0
WP-2026-00202,Orang Pribadi,Digital,50000000.0,-0.0495,0.0256,2,0,0,KPP Epsilon,PKP,Kecil,0.1334,0.032,0.0,Group B,72.03,68.25,1
WP-2026-00203,Badan,Jasa,50000000.0,0.1029,0.137,1,1,0,KPP Epsilon,Non-PKP,Kecil,0.3783,0.2119,0.0,Group B,7.88,9.84,0
WP-2026-00204,Badan,Manufaktur,50000000.0,-0.1208,0.1284,1,1,0,KPP Delta,Non-PKP,Kecil,0.4672,0.1778,0.0,Group A,36.34,36.01,0
WP-2026-00205,Badan,Jasa,50000000.0,-0.1036,0.0776,1,3,0,KPP Epsilon,PKP,Mikro,0.3302,0.1164,0.0,Group A,49.23,39.24,0
WP-2026-00206,Badan,Digital,50000000.0,0.2118,0.0191,3,1,1,KPP Gamma,Non-PKP,Kecil,0.2012,0.0441,635503.0,Group C,100.0,97.33,1
WP-2026-00207,Badan,Perdagangan,50000000.0,0.1393,0.0676,0,1,1,KPP Alpha,Non-PKP,Mikro,0.4864,0.034,0.0,Group B,12.48,11.57,0
WP-2026-00208,Badan,Jasa,50000000.0,0.7621,0.0605,0,1,0,KPP Alpha,PKP,Kecil,0.1097,0.043,0.0,Group A,19.7,12.86,1
WP-2026-00209,Badan,Transportasi,50000000.0,0.2204,0.0529,1,0,0,KPP Alpha,Non-PKP,Mikro,0.3781,0.0651,0.0,Group A,16.28,19.54,0
WP-2026-00210,Badan,Jasa,50000000.0,0.4484,0.0469,1,0,1,KPP Alpha,PKP,Kecil,0.3163,0.0844,0.0,Group C,46.17,44.2,1
WP-2026-00211,Badan,Konstruksi,50000000.0,-0.2628,0.1207,2,2,0,KPP Beta,Non-PKP,Menengah,0.157,0.0613,0.0,Group A,59.38,48.13,1
WP-2026-00212,Badan,Jasa,50000000.0,0.2481,0.0193,4,1,0,KPP Delta,Non-PKP,Kecil,0.1492,0.0437,912283.0,Group C,100.0,98.3,1
WP-2026-00213,Badan,Digital,50000000.0,-0.1514,0.101,1,0,1,KPP Delta,Non-PKP,Menengah,0.0686,0.0691,0.0,Group B,51.11,41.38,0
WP-2026-00214,Orang Pribadi,Transportasi,50000000.0,0.2065,0.033,2,0,0,KPP Gamma,Non-PKP,Besar,0.1235,0.0136,636092.0,Group B,72.31,72.81,0
WP-2026-00215,Badan,Jasa,50000000.0,0.3003,0.079,0,1,0,KPP Alpha,Non-PKP,Menengah,0.1174,0.1589,0.0,Group A,11.28,14.14,0
WP-2026-00216,Orang Pribadi,Konstruksi,50000000.0,0.096,0.1622,1,0,0,KPP Delta,PKP,Kecil,0.0701,0.11,0.0,Group A,26.26,19.3,0
WP-2026-00217,Badan,Jasa,50000000.0,0.8503,0.0694,2,3,0,KPP Beta,Non-PKP,Kecil,0.2464,0.1334,297528.0,Group B,34.49,45.46,0
WP-2026-00218,Badan,Manufaktur,50000000.0,0.537,0.0614,0,2,0,KPP Alpha,PKP,Menengah,0.1801,0.0085,0.0,Group C,37.23,36.15,0
WP-2026-00219,Orang Pribadi,Manufaktur,400000000.0,0.4567,0.0702,1,1,0,KPP Beta,Non-PKP,Menengah,0.4667,0.0154,0.0,Group A,29.06,22.87,0
WP-2026-00220,Badan,Transportasi,50000000.0,0.3246,0.1072,3,2,0,KPP Beta,Non-PKP,Mikro,0.2715,0.1363,238809.0,Group B,67.64,64.26,1
WP-2026-00221,Badan,Perdagangan,50000000.0,0.6443,0.0394,1,2,1,KPP Beta,PKP,Kecil,0.3212,0.167,0.0,Group B,70.14,82.75,1
WP-2026-00222,Badan,Perdagangan,158783261.0,-0.3798,0.101,1,0,0,KPP Delta,PKP,Menengah,0.2831,0.2154,1713086.0,Group A,16.21,24.28,1
WP-2026-00223,Badan,Konstruksi,50000000.0,0.5185,0.0526,2,3,0,KPP Delta,Non-PKP,Kecil,0.4131,0.0523,3999450.0,Group B,46.69,47.38,1
WP-2026-00224,Orang Pribadi,Manufaktur,50000000.0,-0.2372,0.0427,1,1,0,KPP Delta,Non-PKP,Menengah,0.31,0.2177,0.0,Group A,84.48,81.63,1
WP-2026-00225,Badan,Manufaktur,50000000.0,-0.1006,0.0225,0,1,0,KPP Alpha,Non-PKP,Mikro,0.1553,0.0516,0.0,Group B,39.0,35.91,0
WP-2026-00226,Orang Pribadi,Perdagangan,50000000.0,0.2596,0.0748,2,0,0,KPP Delta,PKP,Kecil,0.3061,0.0615,0.0,Group A,23.05,23.09,0
WP-2026-00227,Badan,Jasa,50000000.0,0.4746,0.027,1,2,0,KPP Delta,PKP,Menengah,0.166,0.0354,0.0,Group B,87.33,82.94,1
WP-2026-00228,Badan,Transportasi,50000000.0,-0.2891,0.0504,2,1,0,KPP Alpha,PKP,Kecil,0.0409,0.1095,0.0,Group A,32.61,29.99,0
WP-2026-00229,Badan,Perdagangan,50000000.0,-0.084,0.0195,3,0,0,KPP Delta,PKP,Menengah,0.1031,0.0586,0.0,Group B,73.73,74.5,1
WP-2026-00230,Badan,Jasa,50000000.0,0.1112,0.1081,1,0,0,KPP Gamma,Non-PKP,Kecil,0.2414,0.2007,408588.0,Group B,18.57,15.34,0
WP-2026-00231,Badan,Digital,50000000.0,0.0204,0.0913,0,0,1,KPP Gamma,PKP,Kecil,0.4579,0.063,80125.0,Group D,12.2,16.08,0
WP-2026-00232,Badan,Perdagangan,50000000.0,0.3533,0.0787,2,1,1,KPP Alpha,PKP,Besar,0.2257,0.0297,0.0,Group B,45.32,41.5,0
WP-2026-00233,Orang Pribadi,Konstruksi,50000000.0,1.1795,0.0164,4,1,0,KPP Gamma,PKP,Kecil,0.4203,0.1318,0.0,Group C,93.54,98.62,1
WP-2026-00234,Badan,Perdagangan,50000000.0,0.2142,0.0891,1,0,0,KPP Alpha,Non-PKP,Kecil,0.249,0.0038,665724.0,Group A,11.61,8.69,1
WP-2026-00235,Orang Pribadi,Transportasi,50000000.0,-0.1553,0.0151,1,0,0,KPP Alpha,PKP,Besar,0.2661,0.0235,0.0,Group A,64.09,61.31,0
WP-2026-00236,Orang Pribadi,Konstruksi,50000000.0,-0.3349,0.0404,1,0,0,KPP Alpha,PKP,Menengah,0.1915,0.0246,0.0,Group A,56.38,58.18,1
WP-2026-00237,Badan,Transportasi,50000000.0,-0.0241,0.1566,2,3,1,KPP Epsilon,PKP,Menengah,0.3234,0.029,0.0,Group B,58.97,55.16,1
WP-2026-00238,Orang Pribadi,Perdagangan,50000000.0,-0.2209,0.0508,0,2,0,KPP Beta,PKP,Mikro,0.2563,0.0534,0.0,Group C,87.55,78.3,1
WP-2026-00239,Badan,Manufaktur,50000000.0,0.2296,0.0767,0,1,0,KPP Beta,PKP,Mikro,0.0981,0.0307,0.0,Group C,21.5,27.62,1
WP-2026-00240,Badan,Konstruksi,50000000.0,0.2246,0.1711,1,0,0,KPP Beta,Non-PKP,Menengah,0.6552,0.1683,0.0,Group B,37.97,32.24,0
WP-2026-00241,Orang Pribadi,Perdagangan,50000000.0,-0.0682,0.0095,1,2,0,KPP Epsilon,PKP,Kecil,0.3874,0.0334,0.0,Group B,87.02,80.5,1
WP-2026-00242,Orang Pribadi,Perdagangan,50000000.0,0.7152,0.1799,2,1,0,KPP Gamma,PKP,Kecil,0.3535,0.1692,1276235.0,Group A,31.39,32.63,0
WP-2026-00243,Badan,Perdagangan,50000000.0,-0.1553,0.1787,3,2,0,KPP Epsilon,PKP,Menengah,0.3779,0.0346,0.0,Group A,55.57,50.77,0
WP-2026-00244,Badan,Digital,50000000.0,0.0418,0.1832,0,4,1,KPP Beta,PKP,Kecil,0.1654,0.1077,273155.0,Group C,75.87,77.4,0
WP-2026-00245,Badan,Konstruksi,50000000.0,0.2845,0.058,2,1,0,KPP Alpha,PKP,Mikro,0.2697,0.1001,0.0,Group A,35.83,28.29,0
WP-2026-00246,Orang Pribadi,Manufaktur,50000000.0,0.3655,0.1887,0,0,1,KPP Gamma,Non-PKP,Mikro,0.0669,0.0708,0.0,Group A,2.47,18.9,0
WP-2026-00247,Badan,Konstruksi,50000000.0,0.4888,0.0291,0,0,0,KPP Beta,PKP,Kecil,0.2295,0.0482,1483970.0,Group D,66.0,57.33,1
WP-2026-00248,Badan,Manufaktur,50000000.0,0.2171,0.1363,1,0,0,KPP Delta,PKP,Menengah,0.3805,0.0721,0.0,Group D,14.43,21.11,0
WP-2026-00249,Badan,,50000000.0,0.4163,0.1309,2,0,1,KPP Epsilon,Non-PKP,Besar,0.1357,0.0136,0.0,Group B,35.07,34.53,0
WP-2026-00250,Badan,Jasa,50000000.0,-0.1328,0.0042,0,3,0,KPP Gamma,Non-PKP,Mikro,0.2831,0.0275,0.0,Group A,76.35,81.23,1
WP-2026-00251,Badan,Manufaktur,50000000.0,0.3738,0.0447,0,1,0,KPP Epsilon,PKP,Kecil,0.0294,0.1422,0.0,Group C,95.3,86.32,1
WP-2026-00252,Orang Pribadi,Perdagangan,50000000.0,0.3695,0.1253,1,0,1,KPP Gamma,PKP,Menengah,0.2321,0.1445,0.0,Group A,32.4,33.77,1
WP-2026-00253,Badan,Transportasi,50000000.0,0.5641,0.1175,3,1,1,KPP Beta,Non-PKP,Kecil,0.277,0.101,847918.0,Group B,43.35,46.6,0
WP-2026-00254,Badan,Transportasi,50000000.0,-0.4539,,2,1,1,KPP Gamma,PKP,Kecil,0.304,0.0867,2294572.0,Group A,34.37,27.65,1
WP-2026-00255,Badan,Jasa,50000000.0,-0.2103,0.2169,1,3,0,KPP Alpha,Non-PKP,Besar,0.2616,0.1011,0.0,Group D,58.99,54.6,1
WP-2026-00256,Orang Pribadi,,50000000.0,0.3434,0.0799,2,0,0,KPP Delta,Non-PKP,Menengah,0.2363,0.0738,0.0,Group D,41.9,43.9,1
WP-2026-00257,Orang Pribadi,Perdagangan,50000000.0,-0.7684,0.0216,0,1,0,KPP Alpha,PKP,Kecil,0.5997,0.0804,0.0,Group B,69.48,75.43,1
WP-2026-00258,Badan,Digital,50000000.0,0.2374,0.017,2,0,0,KPP Beta,PKP,Besar,0.4291,0.0087,0.0,Group A,69.87,76.62,1
WP-2026-00259,Badan,Digital,50000000.0,0.4191,0.1078,0,3,0,KPP Gamma,Non-PKP,Mikro,0.3287,0.0323,0.0,Group B,28.61,20.95,1
WP-2026-00260,Badan,Digital,50000000.0,-0.1044,0.0953,0,1,1,KPP Alpha,PKP,Besar,0.479,0.0613,0.0,Group A,28.22,25.7,0
WP-2026-00261,Badan,Jasa,50000000.0,-0.0577,0.082,2,0,0,KPP Alpha,PKP,Menengah,0.177,0.1095,0.0,Group D,39.53,38.49,1
WP-2026-00262,Orang Pribadi,Perdagangan,50000000.0,-0.2637,0.2059,1,0,0,KPP Delta,PKP,Menengah,0.2358,0.0519,0.0,Group A,36.05,33.1,0
WP-2026-00263,Badan,Perdagangan,50000000.0,-0.0869,0.1572,1,0,1,KPP Alpha,PKP,Besar,0.178,0.0939,0.0,Group A,26.74,38.43,0
WP-2026-00264,Badan,Perdagangan,50000000.0,-0.0776,0.0111,2,1,1,KPP Gamma,Non-PKP,Menengah,0.2015,0.035,0.0,Group C,95.9,97.85,1
WP-2026-00265,Orang Pribadi,Perdagangan,50000000.0,-0.1385,0.1006,1,1,0,KPP Beta,PKP,Kecil,0.3371,0.0031,0.0,Group B,10.48,12.27,0
WP-2026-00266,Badan,Perdagangan,50000000.0,-0.1561,0.1018,0,0,0,KPP Beta,PKP,Kecil,0.1986,0.0348,2749436.0,Group C,44.48,38.6,1
WP-2026-00267,Badan,Digital,50000000.0,-0.0067,0.0366,2,4,0,KPP Alpha,PKP,Menengah,0.2713,0.0474,1847594.0,Group A,80.93,89.74,1
WP-2026-00268,Badan,Perdagangan,50000000.0,-0.0106,,1,1,0,KPP Delta,PKP,Menengah,0.3113,0.0302,0.0,Group C,92.12,85.8,1
WP-2026-00269,Badan,Perdagangan,50000000.0,0.6797,0.193,2,1,0,KPP Epsilon,PKP,Kecil,0.4416,0.0215,0.0,Group A,42.22,31.45,0
WP-2026-00270,Badan,Transportasi,50000000.0,-0.0461,0.1542,2,1,0,KPP Alpha,Non-PKP,Menengah,0.1935,0.0698,0.0,Group A,40.24,50.56,1
WP-2026-00271,Badan,Manufaktur,50000000.0,0.1901,0.0539,1,0,1,KPP Epsilon,PKP,Menengah,0.1547,0.1031,923556.0,Group B,18.77,18.67,0
WP-2026-00272,Badan,Konstruksi,50000000.0,-0.1046,0.0366,0,2,1,KPP Gamma,PKP,Kecil,0.1234,0.0886,0.0,Group A,63.31,60.31,0
WP-2026-00273,Badan,perdagangan,50000000.0,-0.1087,0.1062,2,0,0,KPP Delta,Non-PKP,Mikro,0.4978,0.0357,0.0,Group B,21.38,16.14,0
WP-2026-00274,Badan,Transportasi,50000000.0,-0.4654,0.086,0,0,0,KPP Delta,PKP,Kecil,0.2227,0.053,0.0,Group A,5.6,18.59,0
WP-2026-00275,Badan,Manufaktur,50000000.0,-0.4228,0.0971,0,0,0,KPP Delta,PKP,Mikro,0.1958,0.0182,0.0,Group A,15.21,13.18,1
WP-2026-00276,Badan,Manufaktur,50000000.0,-0.3062,0.0148,0,0,1,KPP Delta,PKP,Mikro,0.3313,0.0924,2572190.0,Group C,78.17,79.48,1
WP-2026-00277,Badan,Konstruksi,50000000.0,0.1388,0.0242,1,1,1,KPP Gamma,PKP,Kecil,0.123,0.0631,0.0,Group A,64.77,66.47,1
WP-2026-00278,Badan,Jasa,50000000.0,0.4244,0.058,3,1,1,KPP Gamma,PKP,Mikro,0.5001,0.0583,0.0,Group B,65.6,53.19,0
WP-2026-00279,Orang Pribadi,Jasa,50000000.0,-0.4917,0.0791,4,0,0,KPP Beta,PKP,Kecil,0.2058,0.3388,292334.0,Group C,88.04,89.34,0
WP-2026-00280,Orang Pribadi,Jasa,50000000.0,-0.0957,0.2044,0,0,0,KPP Alpha,Non-PKP,Menengah,0.388,0.0349,0.0,Group A,9.37,6.67,0
WP-2026-00281,Badan,Perdagangan,50000000.0,-0.3574,0.0471,3,2,0,KPP Delta,PKP,Kecil,0.1915,0.048,921621.0,Group C,92.2,92.93,1
WP-2026-00282,Badan,Konstruksi,50000000.0,-0.0046,0.0192,0,1,0,KPP Alpha,PKP,Besar,0.3351,0.0242,250528.0,Group A,64.24,62.8,1
WP-2026-00283,Badan,Perdagangan,50000000.0,0.4242,0.0783,2,1,0,KPP Beta,Non-PKP,Besar,0.2459,0.04,893301.0,Group B,26.71,23.39,0
WP-2026-00284,Badan,Perdagangan,50000000.0,-0.063,0.1382,2,1,0,KPP Alpha,Non-PKP,Menengah,0.2489,0.0392,833524.0,Group A,38.34,32.98,0
WP-2026-00285,Badan,Perdagangan,50000000.0,0.0648,0.0514,0,1,0,KPP Alpha,PKP,Besar,0.3392,0.0218,919278.0,Group C,28.73,33.39,0
WP-2026-00286,Badan,Transportasi,50000000.0,0.5457,0.2087,2,1,0,KPP Delta,Non-PKP,Besar,0.1947,0.0975,0.0,Group B,39.62,38.7,0
WP-2026-00287,Badan,Jasa,50000000.0,0.2265,0.287,0,1,1,KPP Delta,PKP,Kecil,0.2449,0.1513,141764.0,Group B,17.25,16.12,0
WP-2026-00288,Badan,Konstruksi,50000000.0,-0.1632,0.2199,0,2,0,KPP Gamma,PKP,Menengah,0.3267,0.0123,0.0,Group D,6.02,15.91,0
WP-2026-00289,Badan,Transportasi,50000000.0,0.1309,0.1759,1,2,1,KPP Alpha,PKP,Mikro,0.17,0.1186,576286.0,Group A,36.11,41.84,0
WP-2026-00290,Badan,Perdagangan,50000000.0,-0.1848,0.1503,0,2,0,KPP Gamma,PKP,Menengah,0.381,0.2524,0.0,Group D,54.52,49.17,1
WP-2026-00291,Orang Pribadi,perdagangan,50000000.0,0.2146,0.1316,1,1,0,KPP Beta,PKP,Kecil,0.2618,0.0581,13317107.0,Group C,57.47,60.24,1
WP-2026-00292,Badan,Jasa,50000000.0,0.2449,0.046,4,2,0,KPP Delta,PKP,Mikro,0.1389,0.0781,0.0,Group D,97.33,81.66,1
WP-2026-00293,Orang Pribadi,Perdagangan,50000000.0,-0.3575,0.0741,1,0,0,KPP Gamma,PKP,Kecil,0.2529,0.0122,0.0,Group D,40.63,34.85,0
WP-2026-00294,Badan,Konstruksi,85296248.0,0.136,,0,1,0,KPP Gamma,Non-PKP,Besar,0.1296,0.0147,66990.0,Group D,20.69,17.98,1
WP-2026-00295,Orang Pribadi,Digital,50000000.0,0.0424,0.1503,1,0,0,KPP Gamma,Non-PKP,Kecil,0.23,0.1091,0.0,Group A,23.61,14.55,0
WP-2026-00296,Orang Pribadi,Jasa,50000000.0,0.2543,0.1372,0,0,1,KPP Epsilon,PKP,Kecil,0.249,0.1269,0.0,Group C,34.01,29.38,0
WP-2026-00297,Orang Pribadi,Manufaktur,50000000.0,0.346,0.123,1,0,1,KPP Delta,PKP,Kecil,0.0319,0.0255,1344388.0,Group C,46.1,45.0,1
WP-2026-00298,Orang Pribadi,Jasa,50000000.0,0.2328,0.0848,0,1,0,KPP Gamma,Non-PKP,Kecil,0.2721,0.0201,0.0,Group B,8.36,16.85,0
WP-2026-00299,Orang Pribadi,Manufaktur,50000000.0,-0.017,0.0659,0,0,0,KPP Gamma,PKP,Besar,0.1665,0.0691,0.0,Group A,14.55,10.56,0
WP-2026-00300,Badan,Manufaktur,50000000.0,0.3787,0.1066,0,0,0,KPP Alpha,PKP,Menengah,0.1571,0.1095,0.0,Group D,14.69,6.31,0
WP-2026-00301,Orang Pribadi,Manufaktur,50000000.0,-0.1994,0.0838,1,1,0,KPP Epsilon,PKP,Kecil,0.2851,0.0659,1361080.0,Group A,41.09,44.65,0
WP-2026-00302,Badan,Manufaktur,50000000.0,-0.3426,0.0544,0,0,0,KPP Beta,PKP,Kecil,0.1045,0.0996,0.0,Group B,2.42,13.38,0
WP-2026-00303,Badan,Perdagangan,50000000.0,-0.9425,0.0629,3,1,1,KPP Beta,PKP,Mikro,0.1505,0.0468,0.0,Group B,66.84,73.25,0
WP-2026-00304,Badan,Konstruksi,50000000.0,0.0576,0.0441,3,0,1,KPP Epsilon,PKP,Kecil,0.4731,0.0378,2429473.0,Group A,95.84,85.28,1
WP-2026-00305,Orang Pribadi,Konstruksi,50000000.0,-0.1829,0.0691,0,1,0,KPP Delta,PKP,Menengah,0.0837,0.0248,233754.0,Group C,45.88,45.4,0
WP-2026-00306,Badan,Konstruksi,50000000.0,0.2073,0.1385,0,0,0,KPP Alpha,PKP,Menengah,0.2168,0.1006,80734.0,Group A,21.34,12.58,0
WP-2026-00307,Badan,Perdagangan,50000000.0,-0.5508,0.0534,1,0,0,KPP Alpha,Non-PKP,Kecil,0.1545,0.055,0.0,Group C,58.23,58.11,1
WP-2026-00308,Badan,Jasa,50000000.0,-0.1271,0.2017,1,0,0,KPP Alpha,PKP,Menengah,0.2721,0.0166,405497.0,Group C,30.63,33.61,0
WP-2026-00309,Badan,Jasa,50000000.0,0.2305,0.1221,1,2,0,KPP Gamma,PKP,Kecil,0.1405,0.0628,485086.0,Group A,55.06,42.26,0
WP-2026-00310,Badan,Perdagangan,50000000.0,-0.2495,0.1646,1,2,0,KPP Alpha,PKP,Menengah,0.1775,0.0699,1611900.0,Group C,77.49,79.72,1
WP-2026-00311,Badan,Perdagangan,50000000.0,0.211,0.1201,2,1,0,KPP Epsilon,PKP,Menengah,0.1505,0.0836,0.0,Group A,40.07,41.57,1
WP-2026-00312,Badan,Jasa,50000000.0,-0.0982,0.0345,4,2,0,KPP Epsilon,Non-PKP,Menengah,0.4216,0.1117,954048.0,Group C,99.66,96.9,1
WP-2026-00313,Badan,Dagang,50000000.0,0.0695,0.0924,4,1,0,KPP Gamma,PKP,Menengah,0.2777,0.1174,267515.0,Group D,53.07,54.81,1
WP-2026-00314,Badan,Perdagangan,50000000.0,0.2705,0.1965,0,1,0,KPP Delta,PKP,Besar,0.1184,0.0988,243219.0,Group A,33.54,28.88,0
WP-2026-00315,Badan,Transportasi,50000000.0,0.3849,0.0437,3,0,0,KPP Beta,Non-PKP,Kecil,0.0723,0.0567,1030149.0,Group C,86.65,83.98,1
WP-2026-00316,Badan,Manufaktur,50000000.0,0.1096,0.0304,1,0,1,KPP Alpha,PKP,Mikro,0.1269,0.014,0.0,Group B,65.9,62.99,1
WP-2026-00317,Badan,,50000000.0,-0.1805,0.0823,1,3,1,KPP Delta,PKP,Kecil,0.4718,0.0323,989566.0,Group B,60.07,63.77,0
WP-2026-00318,Badan,Jasa,50000000.0,-0.0666,0.0659,2,0,0,KPP Alpha,PKP,Menengah,0.1072,0.0195,0.0,Group C,34.48,44.45,1
WP-2026-00319,Badan,Manufaktur,50000000.0,0.2838,0.1118,2,0,0,KPP Alpha,PKP,Menengah,0.221,0.0456,0.0,Group B,17.02,22.01,0
WP-2026-00320,Orang Pribadi,Manufaktur,50000000.0,-0.2468,0.0816,3,0,0,KPP Beta,PKP,Menengah,0.2339,0.0435,0.0,Group B,42.5,46.96,1
WP-2026-00321,Orang Pribadi,Digital,50000000.0,0.023,0.2095,0,2,1,KPP Alpha,PKP,Menengah,0.2444,0.0928,0.0,Group A,26.53,24.77,1
WP-2026-00322,Badan,Manufaktur,50000000.0,-0.0435,0.0231,1,1,0,KPP Gamma,PKP,Kecil,0.0416,0.0356,0.0,Group A,72.82,77.71,1
WP-2026-00323,Badan,Manufaktur,50000000.0,0.0469,0.1753,2,1,0,KPP Delta,PKP,Menengah,0.0555,0.0854,0.0,Group C,69.77,78.57,0
WP-2026-00324,Badan,Manufaktur,50000000.0,-0.243,0.0538,2,1,0,KPP Delta,PKP,Menengah,0.2435,0.0773,3135796.0,Group A,41.85,48.73,0
WP-2026-00325,Orang Pribadi,Konstruksi,50000000.0,-0.5126,0.0867,0,0,0,KPP Delta,PKP,Kecil,0.2043,0.0581,2173222.0,Group B,12.67,10.35,0
WP-2026-00326,Badan,Perdagangan,50000000.0,0.2466,0.081,1,0,0,KPP Delta,PKP,Kecil,0.1914,0.0699,0.0,Group A,24.26,20.14,0
WP-2026-00327,Orang Pribadi,Manufaktur,50000000.0,0.3885,0.03,0,3,0,KPP Gamma,PKP,Mikro,0.0998,0.1267,0.0,Group C,94.1,97.14,1
WP-2026-00328,Badan,Manufaktur,50000000.0,-0.4935,0.0913,1,1,0,KPP Delta,PKP,Kecil,0.3428,0.106,0.0,Group B,23.42,25.82,1
WP-2026-00329,Badan,Digital,50000000.0,0.1981,,2,1,0,KPP Gamma,PKP,Menengah,0.0666,0.0725,1372106.0,Group B,51.3,47.61,1
WP-2026-00330,Badan,Manufaktur,50000000.0,0.4266,0.1214,1,1,0,KPP Beta,PKP,Besar,0.0182,0.0663,0.0,Group A,14.12,13.12,0
WP-2026-00331,Orang Pribadi,Jasa,50000000.0,0.2707,0.0651,3,0,1,KPP Epsilon,Non-PKP,Menengah,0.2199,0.0356,0.0,Group B,36.53,29.41,1
WP-2026-00332,Badan,,50000000.0,-0.0533,0.0459,1,0,0,KPP Beta,Non-PKP,Kecil,0.213,0.0431,0.0,Group D,13.92,14.86,1
WP-2026-00333,Badan,Jasa,50000000.0,-0.2219,0.0172,0,1,0,KPP Alpha,PKP,Menengah,0.3959,0.0684,0.0,Group B,56.52,61.51,1
WP-2026-00334,Orang Pribadi,Perdagangan,50000000.0,0.1059,0.0845,0,2,0,KPP Beta,Non-PKP,Menengah,0.1938,0.0496,9828751.0,Group B,25.09,18.57,0
WP-2026-00335,Badan,Perdagangan,50000000.0,0.1593,0.0144,0,1,0,KPP Beta,PKP,Kecil,0.3082,0.3015,2466787.0,Group C,89.52,91.38,1
WP-2026-00336,Badan,Perdagangan,50000000.0,0.1107,0.423,1,2,0,KPP Beta,PKP,Menengah,0.2042,0.1188,0.0,Group A,25.79,30.52,1
WP-2026-00337,Badan,Perdagangan,50000000.0,0.0224,0.157,2,0,0,KPP Gamma,PKP,Mikro,0.3756,0.2456,0.0,Group B,31.99,26.64,0
WP-2026-00338,Orang Pribadi,Jasa,50000000.0,-0.2664,0.0666,0,0,0,KPP Epsilon,PKP,Mikro,0.0976,0.0802,0.0,Group A,18.89,10.2,0
WP-2026-00339,Badan,Konstruksi,50000000.0,0.2153,0.0569,1,0,0,KPP Beta,Non-PKP,Mikro,0.4032,0.1066,320946.0,Group A,35.8,34.7,0
WP-2026-00340,Orang Pribadi,Konstruksi,50000000.0,0.2307,0.095,0,2,0,KPP Gamma,PKP,Mikro,0.1404,0.1586,2375666.0,Group C,37.0,43.03,1
WP-2026-00341,Badan,Perdagangan,50000000.0,0.1443,0.0329,3,1,0,KPP Beta,PKP,Besar,0.0545,0.0415,3191467.0,Group C,100.0,95.07,1
WP-2026-00342,Orang Pribadi,,50000000.0,0.1155,0.2959,1,0,0,KPP Delta,Non-PKP,Kecil,0.2204,0.0619,481786.0,Group D,19.0,16.74,0
WP-2026-00343,Orang Pribadi,,50000000.0,0.6174,0.0862,1,0,0,KPP Alpha,PKP,Kecil,0.3157,0.0798,0.0,Group D,24.64,23.32,1
WP-2026-00344,Badan,Digital,50000000.0,-0.1198,0.11,1,1,0,KPP Alpha,PKP,Kecil,0.1097,0.011,0.0,Group B,9.25,11.68,0
WP-2026-00345,Orang Pribadi,Perdagangan,50000000.0,0.4901,0.081,1,0,1,KPP Gamma,PKP,Kecil,0.2175,0.1408,331781.0,Group A,54.45,47.67,0
WP-2026-00346,Orang Pribadi,Manufaktur,50000000.0,-0.1549,0.0813,0,1,0,KPP Delta,Non-PKP,Kecil,0.053,0.2351,0.0,Group B,12.16,18.81,0
WP-2026-00347,Orang Pribadi,Jasa,50000000.0,0.4349,0.0952,3,4,0,KPP Delta,PKP,Mikro,0.2425,0.0412,0.0,Group D,74.27,81.5,1
WP-2026-00348,Badan,Manufaktur,50000000.0,0.4747,0.0505,0,0,1,KPP Gamma,Non-PKP,Menengah,0.0511,0.0302,2191817.0,Group C,62.27,50.9,0
WP-2026-00349,Badan,,50000000.0,-0.0138,0.1115,1,1,0,KPP Delta,PKP,Mikro,0.0222,0.0919,0.0,Group B,14.83,20.0,1
WP-2026-00350,Badan,Konstruksi,50000000.0,0.6115,0.2432,1,1,0,KPP Beta,Non-PKP,Menengah,0.0605,0.1467,0.0,Group C,63.61,57.85,1
WP-2026-00351,Badan,Perdagangan,50000000.0,0.2301,0.0865,2,1,0,KPP Alpha,Non-PKP,Kecil,0.0466,0.0203,0.0,Group C,75.45,67.18,1
WP-2026-00352,Badan,Digital,50000000.0,-0.2007,0.2046,1,2,1,KPP Alpha,Non-PKP,Menengah,0.2955,0.0362,0.0,Group D,60.56,59.3,1
WP-2026-00353,Badan,Manufaktur,50000000.0,-0.0397,0.0241,0,0,0,KPP Alpha,PKP,Menengah,0.2627,0.0901,0.0,Group C,63.52,68.8,1
WP-2026-00354,Badan,Konstruksi,50000000.0,0.4425,0.0972,1,1,1,KPP Beta,PKP,Mikro,0.0484,0.0302,0.0,Group B,24.21,20.44,0
WP-2026-00355,Badan,Transportasi,50000000.0,0.3754,0.1126,2,1,1,KPP Gamma,Non-PKP,Mikro,0.3888,0.0429,0.0,Group A,63.29,54.93,0
WP-2026-00356,Badan,Digital,50000000.0,-0.2586,0.2236,3,0,1,KPP Beta,PKP,Besar,0.1126,0.0242,1903106.0,Group B,53.84,51.78,1
WP-2026-00357,Orang Pribadi,Perdagangan,50000000.0,0.0354,0.0899,1,0,0,KPP Gamma,Non-PKP,Kecil,0.0646,0.1396,0.0,Group A,4.49,8.97,0
WP-2026-00358,Orang Pribadi,Jasa,50000000.0,0.1451,0.0684,0,1,0,KPP Gamma,Non-PKP,Menengah,0.5617,0.0563,243656.0,Group D,24.05,22.22,0
WP-2026-00359,Badan,Dagang,50000000.0,-0.0824,0.0777,0,1,0,KPP Delta,PKP,Mikro,0.0721,0.0861,2467328.0,Group B,18.91,27.22,0
WP-2026-00360,Badan,Perdagangan,50000000.0,0.8345,0.1579,2,1,0,KPP Delta,PKP,Kecil,0.1941,0.0401,0.0,Group B,27.65,33.49,1
WP-2026-00361,Orang Pribadi,Manufaktur,50000000.0,0.1548,0.1419,1,0,0,KPP Beta,PKP,Menengah,0.1843,0.0415,0.0,Group A,12.86,14.41,0
WP-2026-00362,Badan,Digital,50000000.0,0.0602,0.1544,3,2,0,KPP Beta,Non-PKP,Besar,0.3142,0.1607,471067.0,Group B,38.41,38.04,1
WP-2026-00363,Badan,Digital,50000000.0,0.4611,0.0357,1,0,0,KPP Gamma,PKP,Kecil,0.1923,0.0871,0.0,Group B,40.36,47.57,1
WP-2026-00364,Badan,Manufaktur,50000000.0,-0.0369,0.0486,1,0,0,KPP Gamma,PKP,Menengah,0.15,0.0117,0.0,Group A,13.28,11.78,0
WP-2026-00365,Badan,Manufaktur,50000000.0,0.4024,0.0244,2,4,0,KPP Beta,Non-PKP,Menengah,0.5929,0.1311,0.0,Group C,100.0,99.27,1
WP-2026-00366,Badan,Transportasi,50000000.0,-0.4537,0.0659,0,1,0,KPP Beta,PKP,Mikro,0.0811,0.0069,495822.0,Group A,16.78,18.07,0
WP-2026-00367,Orang Pribadi,Digital,50000000.0,-0.0652,0.0239,2,2,0,KPP Delta,PKP,Kecil,0.2061,0.1036,3269604.0,Group B,69.4,82.35,1
WP-2026-00368,Badan,Perdagangan,50000000.0,0.4157,0.072,1,3,0,KPP Delta,PKP,Kecil,0.3899,0.0365,0.0,Group A,39.56,38.93,0
WP-2026-00369,Badan,Manufaktur,50000000.0,0.5825,0.0769,2,1,0,KPP Alpha,PKP,Kecil,0.3072,0.029,0.0,Group B,56.97,46.08,1
WP-2026-00370,Orang Pribadi,Transportasi,50000000.0,-0.1675,0.0574,1,1,0,KPP Gamma,PKP,Menengah,0.068,0.046,0.0,Group C,48.11,45.36,1
WP-2026-00371,Orang Pribadi,Jasa,50000000.0,-0.2047,0.0219,1,0,0,KPP Epsilon,Non-PKP,Kecil,0.278,0.052,0.0,Group D,55.6,55.51,1
WP-2026-00372,Badan,Jasa,50000000.0,0.2616,0.0874,1,2,0,KPP Alpha,Non-PKP,Kecil,0.3616,0.0454,0.0,Group A,21.84,24.08,0
WP-2026-00373,Badan,Digital,50000000.0,-0.1194,0.0772,1,0,1,KPP Delta,Non-PKP,Menengah,0.1577,0.0787,748950.0,Group D,34.56,31.1,0
WP-2026-00374,Badan,Digital,50000000.0,-0.0059,0.0492,1,1,0,KPP Alpha,Non-PKP,Menengah,0.0707,0.041,0.0,Group C,58.79,57.54,1
WP-2026-00375,Badan,Digital,50000000.0,0.3604,0.0855,2,0,0,KPP Gamma,PKP,Menengah,0.3346,0.101,0.0,Group A,41.05,36.81,1
WP-2026-00376,Badan,Konstruksi,50000000.0,-0.0941,0.0433,2,1,1,KPP Gamma,PKP,Menengah,0.0918,0.0953,0.0,Group A,84.15,90.73,1
WP-2026-00377,Orang Pribadi,Perdagangan,50000000.0,-0.5489,0.1354,3,0,0,KPP Alpha,PKP,Kecil,0.3701,0.0212,88373.0,Group A,71.88,71.15,1
WP-2026-00378,Badan,Jasa,50000000.0,-0.3363,0.0896,1,0,0,KPP Epsilon,Non-PKP,Menengah,0.4589,0.1975,1490396.0,Group C,28.59,31.35,0
WP-2026-00379,Badan,Manufaktur,50000000.0,0.0832,0.3415,2,2,1,KPP Gamma,PKP,Kecil,0.1045,0.1713,0.0,Group A,67.89,65.66,1
WP-2026-00380,Orang Pribadi,Manufaktur,50000000.0,-0.5163,,0,0,1,KPP Epsilon,Non-PKP,Kecil,0.0371,0.1056,0.0,Group B,4.31,15.99,0
WP-2026-00381,Badan,Manufaktur,50000000.0,-0.0151,0.0545,0,2,0,KPP Beta,PKP,Mikro,0.4332,0.0129,1347732.0,Group C,70.28,72.64,0
WP-2026-00382,Orang Pribadi,Manufaktur,50000000.0,-0.3655,0.0343,2,1,0,KPP Epsilon,Non-PKP,Menengah,0.0263,0.0112,0.0,Group C,98.77,95.52,1
WP-2026-00383,Orang Pribadi,Jasa,50000000.0,0.6048,0.2324,3,0,0,KPP Epsilon,PKP,Menengah,0.178,0.2436,1252864.0,Group B,19.49,15.27,0
WP-2026-00384,Badan,Konstruksi,50000000.0,0.7728,0.0786,1,1,1,KPP Gamma,Non-PKP,Kecil,0.0169,0.0178,1542493.0,Group C,71.36,71.54,1
WP-2026-00385,Badan,Jasa,50000000.0,-0.2586,0.1149,1,2,0,KPP Alpha,PKP,Besar,0.1057,0.0692,6742081.0,Group A,23.72,36.68,1
WP-2026-00386,Orang Pribadi,Jasa,50000000.0,0.1622,0.1552,0,0,0,KPP Delta,PKP,Besar,0.0595,0.044,0.0,Group C,42.09,38.24,1
WP-2026-00387,Badan,Perdagangan,50000000.0,-0.2273,0.2062,2,0,0,KPP Gamma,Non-PKP,Mikro,0.5021,0.1896,7510312.0,Group A,40.65,31.15,0
WP-2026-00388,Orang Pribadi,Perdagangan,50000000.0,-0.019,0.0889,1,1,1,KPP Epsilon,PKP,Menengah,0.1536,0.1396,0.0,Group A,33.98,39.01,0
WP-2026-00389,Badan,Transportasi,50000000.0,0.6571,0.0583,1,0,0,KPP Gamma,Non-PKP,Kecil,0.1759,0.0768,0.0,Group D,14.35,16.9,0
WP-2026-00390,Orang Pribadi,Jasa,50000000.0,-0.0693,0.1639,0,2,1,KPP Beta,Non-PKP,Besar,0.2287,0.1387,0.0,Group A,26.81,21.97,0
WP-2026-00391,Badan,Dagang,50000000.0,-0.0115,,0,1,0,KPP Alpha,Non-PKP,Kecil,0.5295,0.1714,0.0,Group A,65.31,60.31,0
WP-2026-00392,Badan,Konstruksi,50000000.0,-0.2216,0.1053,2,1,0,KPP Delta,PKP,Kecil,0.0125,0.0217,2704389.0,Group B,50.83,44.25,0
WP-2026-00393,Badan,Manufaktur,50000000.0,0.4468,0.1016,1,0,0,KPP Epsilon,PKP,Kecil,0.2608,0.0818,6223422.0,Group A,31.97,25.88,1
WP-2026-00394,Badan,Perdagangan,50000000.0,-0.9642,0.1923,3,2,0,KPP Alpha,PKP,Kecil,0.2642,0.0216,0.0,Group A,56.77,65.96,1
WP-2026-00395,Badan,Jasa,50000000.0,-0.0617,,1,0,0,KPP Delta,PKP,Menengah,0.3499,0.0182,0.0,Group B,14.04,16.91,0
WP-2026-00396,Badan,Perdagangan,50000000.0,0.0653,,1,0,0,KPP Epsilon,PKP,Kecil,0.2583,0.1364,0.0,Group C,36.71,32.95,0
WP-2026-00397,Orang Pribadi,Manufaktur,50000000.0,-0.1315,0.0935,2,1,0,KPP Alpha,Non-PKP,Kecil,0.0617,0.0711,0.0,Group C,79.57,80.08,1
WP-2026-00398,Badan,Perdagangan,50000000.0,0.3563,0.059,2,1,0,KPP Alpha,Non-PKP,Menengah,0.3108,0.1289,0.0,Group A,30.61,28.42,0
WP-2026-00399,Badan,Perdagangan,50000000.0,0.4646,,2,2,1,KPP Delta,PKP,Besar,0.1438,0.0104,0.0,Group B,65.72,66.5,1
WP-2026-00400,Badan,Perdagangan,50000000.0,-0.3719,0.124,1,0,0,KPP Delta,Non-PKP,Menengah,0.0213,0.0325,258438.0,Group C,58.39,61.01,0
WP-2026-00401,Badan,Manufaktur,50000000.0,0.7499,0.294,0,1,0,KPP Alpha,PKP,Kecil,0.1923,0.128,0.0,Group A,15.72,17.17,0
WP-2026-00402,Orang Pribadi,Perdagangan,50000000.0,-0.3754,0.0796,2,0,0,KPP Delta,PKP,Kecil,0.4139,0.0624,4266922.0,Group A,40.76,47.49,1
WP-2026-00403,Orang Pribadi,Transportasi,50000000.0,0.4924,0.0397,0,4,0,KPP Gamma,PKP,Mikro,0.1073,0.0866,0.0,Group A,57.08,61.42,0
WP-2026-00404,Badan,Perdagangan,50000000.0,0.1279,0.1146,2,1,0,KPP Epsilon,Non-PKP,Besar,0.4847,0.0132,0.0,Group B,23.9,24.3,0
WP-2026-00405,Orang Pribadi,Manufaktur,50000000.0,-0.0812,0.0522,1,2,1,KPP Epsilon,Non-PKP,Menengah,0.5267,0.0685,0.0,Group A,53.14,53.43,0
WP-2026-00406,Orang Pribadi,Jasa,50000000.0,-0.051,0.1009,2,2,0,KPP Delta,PKP,Menengah,0.435,0.0137,0.0,Group C,91.03,87.62,1
WP-2026-00407,Badan,Jasa,50000000.0,0.0693,0.0992,2,1,0,KPP Gamma,PKP,Besar,0.3723,0.147,0.0,Group D,34.44,36.16,1
WP-2026-00408,Orang Pribadi,Perdagangan,50000000.0,0.1467,0.1618,0,0,1,KPP Beta,PKP,Mikro,0.5485,0.0806,0.0,Group A,16.39,6.33,0
WP-2026-00409,Badan,Transportasi,50000000.0,-0.2144,0.0463,1,1,1,KPP Gamma,PKP,Menengah,0.4734,0.0415,598973.0,Group B,39.78,32.4,0
WP-2026-00410,Orang Pribadi,Transportasi,50000000.0,0.0051,0.0928,1,1,1,KPP Alpha,PKP,Kecil,0.2213,0.1967,0.0,Group A,29.5,32.52,1
WP-2026-00411,Badan,Perdagangan,50000000.0,-0.1666,0.2444,0,2,0,KPP Delta,Non-PKP,Mikro,0.5891,0.1203,0.0,Group A,56.11,54.92,0
WP-2026-00412,Badan,Perdagangan,50000000.0,-0.3088,0.2099,0,0,0,KPP Alpha,Non-PKP,Kecil,0.4804,0.0457,0.0,Group C,46.28,39.01,0
WP-2026-00413,Badan,Digital,50000000.0,-0.1815,0.0441,0,1,0,KPP Gamma,PKP,Kecil,0.6537,0.0749,0.0,Group B,58.23,62.08,1
WP-2026-00414,Orang Pribadi,Manufaktur,50000000.0,-0.288,0.1355,0,1,0,KPP Alpha,Non-PKP,Besar,0.2352,0.0337,540506.0,Group D,26.6,31.09,0
WP-2026-00415,Badan,Perdagangan,50000000.0,-0.0544,0.352,2,0,0,KPP Beta,PKP,Kecil,0.3636,0.3202,0.0,Group B,39.96,32.17,1
WP-2026-00416,Badan,Perdagangan,50000000.0,0.2184,0.2273,1,3,1,KPP Beta,PKP,Menengah,0.2113,0.0401,0.0,Group A,50.69,46.54,0
WP-2026-00417,Badan,Manufaktur,50000000.0,0.1186,0.1321,0,3,0,KPP Delta,Non-PKP,Menengah,0.1463,0.0268,7876674.0,Group B,43.73,37.29,1
WP-2026-00418,Orang Pribadi,Konstruksi,50000000.0,0.7118,0.1014,1,0,1,KPP Delta,PKP,Menengah,0.2818,0.0715,0.0,Group A,26.84,24.94,0
WP-2026-00419,Badan,Manufaktur,50000000.0,-0.6273,0.088,1,2,1,KPP Alpha,PKP,Besar,0.2043,0.0924,0.0,Group C,78.19,79.72,1
WP-2026-00420,Orang Pribadi,Digital,50000000.0,0.2302,0.013,2,0,0,KPP Delta,PKP,Kecil,0.0327,0.0906,994962.0,Group C,81.82,89.88,1
WP-2026-00421,Badan,Manufaktur,50000000.0,0.0821,0.037,1,3,0,KPP Epsilon,Non-PKP,Kecil,0.2432,0.1756,385972.0,Group A,83.72,82.9,1
WP-2026-00422,Badan,Jasa,50000000.0,0.341,0.1384,0,2,1,KPP Beta,PKP,Mikro,0.108,0.0503,162975.0,Group B,37.2,29.8,0
WP-2026-00423,Badan,Jasa,50000000.0,0.3093,0.063,0,0,0,KPP Delta,PKP,Kecil,0.2491,0.0082,0.0,Group C,23.49,16.03,0
WP-2026-00424,Badan,Jasa,50000000.0,0.0272,0.0627,4,1,1,KPP Gamma,PKP,Besar,0.2775,0.1431,0.0,Group C,100.0,93.97,1
WP-2026-00425,Badan,Perdagangan,50000000.0,0.1352,0.0498,5,1,0,KPP Alpha,PKP,Kecil,0.2563,0.1374,0.0,Group A,80.91,76.19,1
WP-2026-00426,Orang Pribadi,Perdagangan,50000000.0,-0.1581,0.0332,3,2,0,KPP Gamma,PKP,Kecil,0.1204,0.1044,0.0,Group A,100.0,90.19,1
WP-2026-00427,Badan,Jasa,50000000.0,0.2764,0.0321,0,1,0,KPP Alpha,PKP,Kecil,0.1921,0.236,517498.0,Group A,42.48,51.79,1
WP-2026-00428,Orang Pribadi,Konstruksi,50000000.0,-0.5212,0.0958,4,0,0,KPP Epsilon,Non-PKP,Kecil,0.4885,0.054,0.0,Group B,45.4,44.02,0
WP-2026-00429,Badan,Perdagangan,50000000.0,0.3286,0.1157,1,0,1,KPP Epsilon,PKP,Menengah,0.2129,0.1213,0.0,Group B,6.46,12.08,0
WP-2026-00430,Orang Pribadi,Jasa,50000000.0,0.0726,0.0244,0,1,0,KPP Delta,PKP,Kecil,0.3179,0.0188,0.0,Group A,52.62,43.31,0
WP-2026-00431,Orang Pribadi,Manufaktur,50000000.0,-0.0759,0.071,1,2,0,KPP Gamma,Non-PKP,Menengah,0.0962,0.1109,0.0,Group B,13.02,16.34,0
WP-2026-00432,Orang Pribadi,Manufaktur,50000000.0,0.0056,0.0871,2,2,0,KPP Gamma,Non-PKP,Menengah,0.2023,0.0301,0.0,Group B,34.72,28.67,0
WP-2026-00433,Badan,Konstruksi,50000000.0,0.0291,0.0555,1,0,1,KPP Epsilon,PKP,Menengah,0.016,0.0117,0.0,Group A,10.55,13.24,0
WP-2026-00434,Orang Pribadi,Transportasi,50000000.0,0.4951,0.1089,1,0,0,KPP Beta,PKP,Kecil,0.4902,0.0598,796086.0,Group D,29.12,26.59,0
WP-2026-00435,Badan,Konstruksi,50000000.0,1.1147,0.1698,2,1,1,KPP Alpha,PKP,Menengah,0.2573,0.1041,0.0,Group B,27.96,28.61,1
WP-2026-00436,Badan,Perdagangan,50000000.0,0.4704,0.118,0,2,0,KPP Gamma,PKP,Mikro,0.5847,0.1274,0.0,Group B,33.68,33.76,0
WP-2026-00437,Badan,Jasa,50000000.0,-0.1009,0.0778,0,0,1,KPP Beta,Non-PKP,Kecil,0.352,0.0612,0.0,Group B,18.91,16.9,0
WP-2026-00438,Badan,Manufaktur,50000000.0,0.2815,0.103,1,0,0,KPP Beta,PKP,Menengah,0.0899,0.1123,0.0,Group A,30.56,25.04,1
WP-2026-00439,Orang Pribadi,Perdagangan,50000000.0,0.2955,0.1842,0,0,1,KPP Alpha,PKP,Menengah,0.5412,0.1043,0.0,Group C,39.5,40.16,0
WP-2026-00440,Badan,Perdagangan,50000000.0,-0.2161,0.0974,1,2,0,KPP Gamma,PKP,Kecil,0.0486,0.0488,0.0,Group B,39.49,34.14,0
WP-2026-00441,Orang Pribadi,Perdagangan,50000000.0,-0.3235,0.0969,0,1,1,KPP Beta,PKP,Besar,0.2911,0.0889,294196.0,Group B,33.94,27.71,0
WP-2026-00442,Badan,Jasa,50000000.0,0.0598,0.0757,1,0,0,KPP Alpha,PKP,Mikro,0.2775,0.2132,0.0,Group D,32.08,34.58,0
WP-2026-00443,Orang Pribadi,Jasa,50000000.0,0.3385,0.0352,2,0,0,KPP Alpha,Non-PKP,Menengah,0.2249,0.0799,0.0,Group C,100.0,89.45,0
WP-2026-00444,Badan,Perdagangan,50000000.0,-0.4358,0.0086,1,0,0,KPP Beta,PKP,Besar,0.1035,0.0892,0.0,Group C,95.85,91.38,1
WP-2026-00445,Badan,Transportasi,50000000.0,-0.1507,0.0775,0,0,0,KPP Epsilon,PKP,Menengah,0.6586,0.0365,0.0,Group A,33.37,35.96,0
WP-2026-00446,Badan,,50000000.0,0.2632,0.0788,1,0,1,KPP Beta,Non-PKP,Menengah,0.4916,0.0143,82097.0,Group A,29.76,26.08,0
WP-2026-00447,Orang Pribadi,Perdagangan,50000000.0,0.0934,0.0763,3,1,1,KPP Delta,PKP,Menengah,0.3576,0.1712,0.0,Group C,99.57,93.34,1
WP-2026-00448,Badan,Digital,50000000.0,0.5332,0.0215,2,0,1,KPP Delta,PKP,Menengah,0.4777,0.1998,0.0,Group B,87.63,84.09,1
WP-2026-00449,Badan,Perdagangan,50000000.0,-0.3716,0.0438,2,0,0,KPP Beta,PKP,Menengah,0.1914,0.1346,1346562.0,Group C,95.79,94.58,1
WP-2026-00450,Badan,Digital,50000000.0,0.8327,0.1032,0,0,1,KPP Delta,PKP,Menengah,0.2099,0.015,0.0,Group C,15.19,35.89,0
WP-2026-00451,Badan,Digital,50000000.0,-0.4122,,0,0,0,KPP Delta,PKP,Kecil,0.1341,0.0227,0.0,Group A,4.65,10.45,1
WP-2026-00452,Orang Pribadi,Perdagangan,50000000.0,-0.5693,0.1337,1,0,1,KPP Gamma,PKP,Menengah,0.5095,0.2214,905971.0,Group A,36.79,32.72,0
WP-2026-00453,Badan,Konstruksi,50000000.0,0.0611,0.307,0,0,0,KPP Alpha,Non-PKP,Kecil,0.401,0.0322,0.0,Group B,5.75,11.67,0
WP-2026-00454,Badan,Digital,50000000.0,-0.283,0.0806,0,1,0,KPP Alpha,Non-PKP,Besar,0.6374,0.1115,0.0,Group A,45.05,41.97,1
WP-2026-00455,Badan,Digital,50000000.0,0.0676,0.0607,2,0,0,KPP Epsilon,PKP,Kecil,0.2843,0.1964,0.0,Group C,77.95,72.65,0
WP-2026-00456,Badan,Digital,50000000.0,0.0564,0.0845,2,1,0,KPP Delta,PKP,Kecil,0.2029,0.005,0.0,Group C,69.58,70.25,1
WP-2026-00457,Orang Pribadi,Manufaktur,50000000.0,0.0174,0.092,2,1,0,KPP Epsilon,Non-PKP,Besar,0.1386,0.0484,0.0,Group B,25.66,36.25,1
WP-2026-00458,Badan,Perdagangan,50000000.0,-0.1896,0.0966,1,3,1,KPP Epsilon,PKP,Kecil,0.4723,0.0443,1045581.0,Group C,84.71,89.13,1
WP-2026-00459,Orang Pribadi,Transportasi,50000000.0,0.2184,0.0748,0,1,1,KPP Alpha,PKP,Kecil,0.0541,0.0489,0.0,Group B,20.16,16.05,1
WP-2026-00460,Badan,Manufaktur,50000000.0,-0.0215,0.1803,2,1,0,KPP Delta,Non-PKP,Menengah,0.4823,0.0192,1632375.0,Group C,77.24,69.7,0
WP-2026-00461,Badan,Manufaktur,50000000.0,0.4332,0.0879,0,1,1,KPP Gamma,PKP,Mikro,0.1838,0.0707,0.0,Group A,2.51,15.0,0
WP-2026-00462,Badan,Jasa,50000000.0,0.0223,0.2362,3,1,0,KPP Delta,Non-PKP,Mikro,0.2734,0.1128,0.0,Group C,78.09,77.61,1
WP-2026-00463,Orang Pribadi,Manufaktur,50000000.0,-0.2287,0.0729,3,0,0,KPP Alpha,PKP,Kecil,0.1989,0.1203,0.0,Group C,68.78,77.58,1
WP-2026-00464,Badan,Perdagangan,50000000.0,-0.4601,0.0515,1,1,0,KPP Beta,Non-PKP,Kecil,0.2621,0.0983,0.0,Group A,44.3,43.76,0
WP-2026-00465,Badan,Konstruksi,50000000.0,0.0249,0.0439,0,0,0,KPP Delta,PKP,Kecil,0.4239,0.0669,0.0,Group B,57.11,58.06,1
WP-2026-00466,Badan,Perdagangan,50000000.0,-0.3261,0.1004,1,0,0,KPP Delta,PKP,Mikro,0.0173,0.112,0.0,Group C,75.62,61.45,0
WP-2026-00467,Badan,Konstruksi,50000000.0,-0.352,0.0576,0,1,0,KPP Delta,PKP,Kecil,0.2274,0.1704,0.0,Group A,43.82,47.05,0
WP-2026-00468,Orang Pribadi,Transportasi,50000000.0,0.2488,0.1128,1,1,0,KPP Beta,Non-PKP,Kecil,0.0848,0.1609,0.0,Group C,62.27,55.98,1
WP-2026-00469,Badan,Jasa,50000000.0,-0.4889,0.0448,0,1,0,KPP Beta,PKP,Mikro,0.0906,0.1944,0.0,Group D,79.55,73.49,1
WP-2026-00470,Badan,Manufaktur,50000000.0,0.5319,0.0248,1,0,1,KPP Epsilon,PKP,Menengah,0.3339,0.2272,0.0,Group C,89.8,90.97,1
WP-2026-00471,Badan,Jasa,54962348.0,0.1311,0.0271,3,1,0,KPP Gamma,Non-PKP,Menengah,0.196,0.1702,0.0,Group B,74.6,73.89,1
WP-2026-00472,Badan,Digital,50000000.0,0.066,0.1614,0,0,1,KPP Gamma,PKP,Mikro,0.0487,0.1442,0.0,Group B,12.66,12.66,1
WP-2026-00473,Badan,Konstruksi,50000000.0,-0.2511,0.0315,1,1,1,KPP Gamma,PKP,Kecil,0.0824,0.0395,0.0,Group D,87.59,92.05,1
WP-2026-00474,Badan,Jasa,50000000.0,0.3246,0.1505,2,0,0,KPP Gamma,PKP,Besar,0.2296,0.029,17143901.0,Group B,12.4,17.39,0
WP-2026-00475,Badan,Perdagangan,50000000.0,0.0791,0.0998,2,2,0,KPP Gamma,Non-PKP,Menengah,0.0551,0.0538,1740757.0,Group A,39.83,42.29,0
WP-2026-00476,Badan,Perdagangan,50000000.0,-0.1396,0.1474,0,1,0,KPP Gamma,PKP,Kecil,0.3885,0.1003,0.0,Group A,10.23,17.06,0
WP-2026-00477,Badan,Jasa,50000000.0,0.1439,0.172,1,1,1,KPP Delta,PKP,Kecil,0.6217,0.1058,0.0,Group C,74.38,77.38,1
WP-2026-00478,Badan,Digital,50000000.0,-0.4585,0.0505,2,1,0,KPP Epsilon,Non-PKP,Kecil,0.0999,0.032,0.0,Group B,47.98,49.15,0
WP-2026-00479,Badan,,50000000.0,-0.4433,0.1145,3,0,1,KPP Epsilon,PKP,Menengah,0.1205,0.0357,0.0,Group A,77.3,76.32,1
WP-2026-00480,Badan,Perdagangan,50000000.0,-0.2785,0.1172,1,1,0,KPP Gamma,PKP,Besar,0.2087,0.033,710834.0,Group A,35.02,32.36,0
WP-2026-00481,Badan,Transportasi,50000000.0,0.1918,0.1695,1,0,0,KPP Gamma,PKP,Besar,0.0797,0.1649,0.0,Group C,50.36,51.54,1
WP-2026-00482,Badan,Jasa,50000000.0,0.079,0.0135,2,0,0,KPP Delta,PKP,Kecil,0.0821,0.0563,1224785.0,Group B,69.62,74.24,0
WP-2026-00483,Badan,Transportasi,50000000.0,0.4157,0.0377,1,1,0,KPP Delta,PKP,Kecil,0.0653,0.0921,1073325.0,Group C,93.12,90.57,1
WP-2026-00484,Badan,Perdagangan,50000000.0,-0.2144,0.0449,0,1,0,KPP Gamma,PKP,Mikro,0.0989,0.0476,3097104.0,Group C,87.65,82.9,1
WP-2026-00485,Badan,Manufaktur,50000000.0,0.2639,0.0976,2,2,0,KPP Delta,PKP,Kecil,0.3845,0.0542,0.0,Group D,47.95,50.86,0
WP-2026-00486,Badan,Digital,50000000.0,0.0436,0.2454,1,1,0,KPP Delta,Non-PKP,Kecil,0.2879,0.0441,0.0,Group D,27.84,33.74,0
WP-2026-00487,Badan,Perdagangan,50000000.0,-0.2218,0.1575,1,0,0,KPP Delta,PKP,Menengah,0.3963,0.1011,455298.0,Group A,28.72,31.4,0
WP-2026-00488,Badan,Konstruksi,50000000.0,0.2033,,1,4,0,KPP Delta,PKP,Kecil,0.2233,0.1038,223347.0,Group B,32.69,33.78,0
WP-2026-00489,Badan,Digital,50000000.0,0.0589,0.1209,2,1,0,KPP Alpha,PKP,Besar,0.2185,0.0331,0.0,Group A,35.43,28.56,1
WP-2026-00490,Badan,Perdagangan,50000000.0,-0.1213,0.1338,1,2,0,KPP Gamma,Non-PKP,Mikro,0.188,0.1416,0.0,Group D,35.94,31.77,0
WP-2026-00491,Badan,Perdagangan,50000000.0,0.0934,0.1006,1,2,0,KPP Gamma,Non-PKP,Mikro,0.2163,0.0091,0.0,Group A,42.66,42.68,0
WP-2026-00492,Badan,Konstruksi,50000000.0,0.0386,0.1232,1,2,0,KPP Alpha,Non-PKP,Besar,0.2204,0.08,0.0,Group C,68.06,56.66,1
WP-2026-00493,Badan,Jasa,50000000.0,0.0308,0.0665,0,1,1,KPP Delta,Non-PKP,Menengah,0.3919,0.056,0.0,Group C,47.36,47.57,0
WP-2026-00494,Badan,Perdagangan,50000000.0,-0.052,0.1845,1,0,0,KPP Delta,Non-PKP,Kecil,0.1413,0.1241,0.0,Group A,26.55,18.07,0
WP-2026-00495,Orang Pribadi,perdagangan,50000000.0,-0.3376,0.0271,1,0,0,KPP Alpha,Non-PKP,Menengah,0.1942,0.0973,5626992.0,Group C,96.66,89.33,1
WP-2026-00496,Badan,Konstruksi,50000000.0,0.1039,0.0834,2,3,0,KPP Delta,PKP,Kecil,0.1919,0.0393,654441.0,Group A,77.2,70.3,1
WP-2026-00497,Badan,Jasa,50000000.0,-0.1769,0.1915,1,0,0,KPP Delta,PKP,Mikro,0.3607,0.0555,0.0,Group B,18.61,16.69,0
WP-2026-00498,Badan,Jasa,50000000.0,-0.2465,0.1992,1,1,0,KPP Delta,PKP,Kecil,0.4394,0.0581,673976.0,Group B,37.06,36.36,1
WP-2026-00499,Badan,Transportasi,50000000.0,0.003,0.1397,1,1,0,KPP Beta,PKP,Kecil,0.2357,0.0125,0.0,Group A,31.62,31.59,0
WP-2026-00500,Badan,Manufaktur,50000000.0,0.3149,0.1411,0,2,1,KPP Delta,PKP,Menengah,0.4473,0.015,0.0,Group B,22.02,16.92,0
WP-2026-00501,Orang Pribadi,Transportasi,50000000.0,0.1394,0.2189,0,1,0,KPP Gamma,PKP,Kecil,0.3038,0.0136,3715670.0,Group D,15.2,19.93,0
WP-2026-00502,Orang Pribadi,Jasa,50000000.0,-0.09,0.2221,3,2,1,KPP Gamma,PKP,Menengah,0.1042,0.0641,0.0,Group A,61.4,62.98,1
WP-2026-00503,Orang Pribadi,Digital,50000000.0,-0.1028,0.0908,0,0,0,KPP Alpha,Non-PKP,Menengah,0.1848,0.0729,277164.0,Group B,14.79,4.79,0
WP-2026-00504,Badan,Manufaktur,50000000.0,0.2835,0.0499,3,0,0,KPP Delta,PKP,Mikro,0.3336,0.0543,0.0,Group C,76.75,73.01,0
WP-2026-00505,Badan,Perdagangan,50000000.0,-0.687,0.0563,1,0,0,KPP Delta,PKP,Mikro,0.0809,0.1452,0.0,Group C,73.85,68.13,1
WP-2026-00506,Orang Pribadi,Transportasi,50000000.0,0.3352,0.1821,1,1,1,KPP Gamma,Non-PKP,Kecil,0.2664,0.1239,0.0,Group A,42.83,50.16,0
WP-2026-00507,Badan,Manufaktur,50000000.0,-0.5197,0.0353,1,1,0,KPP Gamma,PKP,Menengah,0.2284,0.1391,0.0,Group D,67.04,69.63,1
WP-2026-00508,Orang Pribadi,Perdagangan,50000000.0,-0.3729,0.1514,3,2,0,KPP Delta,PKP,Menengah,0.4008,0.0313,0.0,Group A,78.79,76.79,0
WP-2026-00509,Badan,Perdagangan,50000000.0,-0.0846,0.1671,2,1,1,KPP Delta,PKP,Menengah,0.0763,0.2291,0.0,Group B,71.68,71.93,0
WP-2026-00510,Badan,Konstruksi,50000000.0,0.7744,0.0604,1,4,0,KPP Beta,PKP,Kecil,0.1073,0.1244,1391441.0,Group B,60.7,68.05,0
WP-2026-00511,Badan,Perdagangan,50000000.0,0.6168,0.0358,1,0,0,KPP Epsilon,Non-PKP,Kecil,0.2587,0.0266,0.0,Group C,56.56,52.0,1
WP-2026-00512,Orang Pribadi,Jasa,50000000.0,0.3061,0.1471,1,2,0,KPP Delta,PKP,Menengah,0.424,0.0269,0.0,Group A,61.07,54.61,1
WP-2026-00513,Badan,Perdagangan,50000000.0,0.1941,0.0317,2,1,0,KPP Epsilon,Non-PKP,Kecil,0.2798,0.1554,860864.0,Group A,84.13,85.85,1
WP-2026-00514,Badan,perdagangan,50000000.0,-0.5159,0.096,1,0,0,KPP Epsilon,PKP,Menengah,0.4149,0.0158,0.0,Group C,27.5,22.72,0
WP-2026-00515,Badan,Jasa,50000000.0,0.1302,0.1308,1,1,1,KPP Epsilon,Non-PKP,Kecil,0.4209,0.1131,2851891.0,Group A,34.93,22.76,0
WP-2026-00516,Badan,Manufaktur,50324248.0,-0.0958,0.0913,1,1,0,KPP Delta,PKP,Kecil,0.6148,0.0823,0.0,Group B,63.64,54.49,0
WP-2026-00517,Badan,perdagangan,64876410.0,-0.1813,0.1236,0,3,0,KPP Delta,PKP,Menengah,0.1118,0.1127,0.0,Group C,76.69,78.14,0
WP-2026-00518,Orang Pribadi,Perdagangan,50000000.0,0.1295,0.1691,1,0,0,KPP Alpha,PKP,Kecil,0.3254,0.1129,0.0,Group B,4.92,11.54,0
WP-2026-00519,Badan,Manufaktur,50000000.0,-0.0708,0.0495,2,0,0,KPP Gamma,PKP,Menengah,0.3287,0.0072,7237651.0,Group A,30.04,28.66,0
WP-2026-00520,Orang Pribadi,Jasa,50000000.0,0.3582,0.1538,1,3,0,KPP Delta,Non-PKP,Kecil,0.2013,0.1359,3001063.0,Group A,63.3,49.22,1
WP-2026-00521,Orang Pribadi,Manufaktur,50000000.0,-0.5395,0.0696,1,0,0,KPP Gamma,Non-PKP,Besar,0.1075,0.0793,514892.0,Group D,31.19,23.16,1
WP-2026-00522,Badan,Perdagangan,50000000.0,0.104,0.119,2,0,0,KPP Epsilon,PKP,Menengah,0.533,0.1649,0.0,Group B,22.78,22.82,0
WP-2026-00523,Badan,Perdagangan,50000000.0,-0.2013,0.0484,1,2,0,KPP Alpha,Non-PKP,Besar,0.0831,0.0149,0.0,Group A,58.05,48.68,0
WP-2026-00524,Badan,Perdagangan,50000000.0,-0.0511,0.0968,1,3,0,KPP Beta,PKP,Menengah,0.3156,0.0503,0.0,Group A,41.76,34.75,0
WP-2026-00525,Badan,Jasa,50000000.0,0.1775,0.0688,0,1,0,KPP Gamma,Non-PKP,Menengah,0.0893,0.0357,0.0,Group A,0.0,7.53,0
WP-2026-00526,Badan,Jasa,50000000.0,-0.2775,0.1318,1,0,0,KPP Gamma,PKP,Menengah,0.109,0.2124,0.0,Group D,26.06,19.69,0
WP-2026-00527,Orang Pribadi,Transportasi,50000000.0,0.1326,0.0856,1,1,1,KPP Alpha,PKP,Kecil,0.2215,0.1578,0.0,Group A,24.98,24.27,0
WP-2026-00528,Orang Pribadi,Jasa,50000000.0,0.0121,0.0987,0,0,0,KPP Alpha,PKP,Kecil,0.4113,0.0322,1631840.0,Group A,1.02,6.22,0
WP-2026-00529,Orang Pribadi,Manufaktur,50000000.0,-0.1314,0.1275,1,2,0,KPP Delta,PKP,Menengah,0.3936,0.0811,0.0,Group B,19.63,19.09,0
WP-2026-00530,Badan,Manufaktur,50000000.0,-0.0706,0.2007,2,1,1,KPP Gamma,Non-PKP,Mikro,0.0316,0.0117,347063.0,Group A,54.65,52.17,1
WP-2026-00531,Badan,Perdagangan,50000000.0,0.0305,0.1443,3,0,0,KPP Alpha,PKP,Mikro,0.451,0.0294,0.0,Group A,41.66,46.43,0
WP-2026-00532,Badan,Manufaktur,50000000.0,-0.1657,0.1034,2,1,1,KPP Alpha,PKP,Besar,0.3796,0.1555,0.0,Group D,43.42,44.14,0
WP-2026-00533,Badan,Jasa,50000000.0,0.0823,0.0731,0,4,0,KPP Gamma,Non-PKP,Mikro,0.1617,0.0087,0.0,Group C,57.75,59.74,1
WP-2026-00534,Badan,Jasa,50000000.0,-0.009,0.0237,0,2,0,KPP Alpha,PKP,Menengah,0.2135,0.0795,0.0,Group A,61.17,56.4,1
WP-2026-00535,Badan,Perdagangan,50000000.0,-0.1156,0.0619,4,2,0,KPP Delta,PKP,Menengah,0.1461,0.0657,195675.0,Group B,60.88,62.69,1
WP-2026-00536,Badan,Konstruksi,50000000.0,0.5887,0.1958,1,0,0,KPP Delta,PKP,Kecil,0.3969,0.2233,0.0,Group A,21.31,31.51,0
WP-2026-00537,Badan,Digital,53556446.0,0.2129,0.1882,0,1,1,KPP Beta,PKP,Besar,0.1294,0.0756,0.0,Group A,13.54,16.22,0
WP-2026-00538,Badan,Perdagangan,50000000.0,-0.0425,0.1316,0,1,0,KPP Gamma,Non-PKP,Kecil,0.2644,0.2934,0.0,Group B,7.76,13.44,0
WP-2026-00539,Badan,Manufaktur,50000000.0,0.1267,0.0319,1,2,1,KPP Alpha,PKP,Besar,0.3297,0.0365,4610829.0,Group B,67.08,74.85,1
WP-2026-00540,Orang Pribadi,Konstruksi,50000000.0,-0.2486,0.0333,1,1,1,KPP Beta,PKP,Menengah,0.4045,0.0387,0.0,Group C,100.0,96.67,1
WP-2026-00541,Orang Pribadi,,50000000.0,-0.0598,,1,0,0,KPP Epsilon,PKP,Kecil,0.2637,0.0005,0.0,Group D,18.25,13.43,0
WP-2026-00542,Badan,Konstruksi,50000000.0,-0.0224,0.3287,0,1,0,KPP Gamma,PKP,Mikro,0.6541,0.082,0.0,Group A,43.72,49.52,0
WP-2026-00543,Orang Pribadi,Manufaktur,50000000.0,-0.319,0.0278,1,2,0,KPP Epsilon,PKP,Kecil,0.3081,0.0552,741288.0,Group D,78.67,86.28,1
WP-2026-00544,Orang Pribadi,Digital,50000000.0,0.204,0.1516,3,0,0,KPP Beta,PKP,Kecil,0.2077,0.0121,0.0,Group B,42.73,43.34,0
WP-2026-00545,Badan,Digital,50000000.0,-0.0818,0.0874,0,1,0,KPP Beta,Non-PKP,Kecil,0.1584,0.0686,0.0,Group A,5.14,13.08,0
WP-2026-00546,Badan,Perdagangan,50000000.0,-0.0337,0.0732,2,1,1,KPP Gamma,PKP,Besar,0.2033,0.0555,0.0,Group C,69.76,71.21,0
WP-2026-00547,Badan,Jasa,50000000.0,-0.102,0.1221,0,1,0,KPP Gamma,Non-PKP,Kecil,0.3958,0.0769,654754.0,Group A,13.71,13.29,0
WP-2026-00548,Badan,Manufaktur,50000000.0,1.0269,0.0324,2,1,1,KPP Epsilon,PKP,Menengah,0.0928,0.0499,12712512.0,Group B,80.28,78.46,1
WP-2026-00549,Orang Pribadi,Perdagangan,50000000.0,-0.132,0.0472,2,0,0,KPP Alpha,Non-PKP,Mikro,0.1536,0.0475,474929.0,Group C,37.1,35.06,0
WP-2026-00550,Badan,Jasa,50000000.0,-0.582,0.1145,2,1,0,KPP Delta,PKP,Besar,0.3853,0.0539,0.0,Group A,49.42,54.1,1
WP-2026-00551,Badan,Digital,50000000.0,-0.432,0.0799,1,0,0,KPP Epsilon,Non-PKP,Kecil,0.1575,0.0427,0.0,Group C,51.75,51.33,1
WP-2026-00552,Badan,Perdagangan,50000000.0,0.323,0.1633,3,0,0,KPP Gamma,PKP,Kecil,0.2076,0.1194,0.0,Group A,42.03,34.35,0
WP-2026-00553,Badan,Jasa,50000000.0,0.5077,0.0616,2,2,0,KPP Beta,PKP,Menengah,0.1314,0.0576,0.0,Group C,62.09,74.67,1
WP-2026-00554,Orang Pribadi,Transportasi,50000000.0,-0.1382,0.2718,2,2,0,KPP Gamma,PKP,Mikro,0.2276,0.0867,0.0,Group A,47.2,45.24,0
WP-2026-00555,Badan,Jasa,50000000.0,0.4893,0.0871,1,0,1,KPP Beta,Non-PKP,Menengah,0.4837,0.0547,107558.0,Group A,26.19,33.26,1
WP-2026-00556,Badan,Jasa,50000000.0,0.3173,0.1144,1,0,0,KPP Delta,Non-PKP,Kecil,0.4715,0.0474,415186.0,Group B,24.64,16.21,0
WP-2026-00557,Badan,Digital,50000000.0,0.0194,0.036,0,0,0,KPP Gamma,Non-PKP,Menengah,0.0808,0.0261,0.0,Group C,79.03,74.13,1
WP-2026-00558,Badan,Jasa,50000000.0,-0.0033,0.0615,4,1,0,KPP Epsilon,PKP,Menengah,0.3367,0.1184,0.0,Group A,69.01,64.3,1
WP-2026-00559,Badan,Perdagangan,50000000.0,0.1379,0.1401,2,0,0,KPP Delta,PKP,Menengah,0.3234,0.0293,0.0,Group C,57.37,62.49,1
WP-2026-00560,Badan,Perdagangan,50000000.0,0.3608,0.0927,2,1,0,KPP Gamma,PKP,Mikro,0.0597,0.0178,0.0,Group A,40.01,38.43,1
WP-2026-00561,Badan,Digital,50000000.0,0.2071,,0,2,0,KPP Delta,PKP,Mikro,0.0799,0.4332,0.0,Group B,41.23,38.97,0
WP-2026-00562,Badan,Perdagangan,50000000.0,-0.1366,0.2942,1,1,1,KPP Gamma,PKP,Mikro,0.3694,0.0713,0.0,Group A,11.09,25.32,0
WP-2026-00563,Orang Pribadi,Manufaktur,50000000.0,0.0243,0.1003,1,1,1,KPP Epsilon,Non-PKP,Kecil,0.0405,0.2486,0.0,Group A,30.93,30.05,0
WP-2026-00564,Badan,Perdagangan,50000000.0,0.714,0.0772,1,3,1,KPP Alpha,Non-PKP,Mikro,0.1615,0.0386,4255444.0,Group D,55.86,52.18,0
WP-2026-00565,Badan,Dagang,50000000.0,0.1604,0.2019,2,1,0,KPP Epsilon,PKP,Besar,0.2522,0.0134,0.0,Group B,13.6,22.08,0
WP-2026-00566,Badan,Digital,50000000.0,0.3582,0.1016,0,1,1,KPP Delta,PKP,Menengah,0.0326,0.0028,2632058.0,Group C,72.26,68.65,1
WP-2026-00567,Orang Pribadi,Manufaktur,50000000.0,0.2528,0.1458,0,2,1,KPP Epsilon,PKP,Menengah,0.1918,0.1798,465515.0,Group B,18.77,18.17,1
WP-2026-00568,Badan,Digital,50000000.0,0.1675,,2,0,0,KPP Gamma,PKP,Kecil,0.2209,0.0188,0.0,Group B,30.28,21.99,0
WP-2026-00569,Badan,Perdagangan,50000000.0,0.1148,0.0681,1,0,1,KPP Delta,PKP,Kecil,0.25,0.0311,0.0,Group B,18.27,20.75,0
WP-2026-00570,Badan,Manufaktur,50000000.0,0.3672,0.0341,3,0,0,KPP Beta,PKP,Menengah,0.1461,0.0365,681340.0,Group D,92.42,91.36,1
WP-2026-00571,Badan,Transportasi,50000000.0,0.31,0.0565,2,1,0,KPP Delta,PKP,Kecil,0.1234,0.1385,0.0,Group C,80.67,78.62,1
WP-2026-00572,Orang Pribadi,Jasa,50000000.0,0.1644,0.1313,3,1,0,KPP Alpha,PKP,Kecil,0.3336,0.09,0.0,Group B,22.53,39.38,1
WP-2026-00573,Badan,Perdagangan,50000000.0,-0.142,0.2016,2,1,0,KPP Beta,Non-PKP,Kecil,0.2995,0.0462,0.0,Group B,38.19,40.31,1
WP-2026-00574,Orang Pribadi,Transportasi,50000000.0,0.2034,0.1837,2,0,0,KPP Gamma,PKP,Menengah,0.1775,0.0252,555723.0,Group B,13.29,12.78,0
WP-2026-00575,Orang Pribadi,Jasa,50000000.0,0.0586,0.0086,2,1,0,KPP Beta,Non-PKP,Besar,0.0383,0.0066,0.0,Group B,70.26,84.4,1
WP-2026-00576,Badan,Manufaktur,50000000.0,-0.0186,0.0265,0,1,0,KPP Beta,Non-PKP,Kecil,0.1117,0.1696,0.0,Group B,47.68,43.63,0
WP-2026-00577,Orang Pribadi,Digital,50000000.0,0.9372,0.022,2,0,1,KPP Delta,PKP,Kecil,0.3618,0.0458,1195078.0,Group B,87.24,86.73,1
WP-2026-00578,Badan,Perdagangan,50000000.0,-0.4125,0.124,6,1,0,KPP Beta,PKP,Mikro,0.2276,0.0013,0.0,Group C,97.55,97.07,1
WP-2026-00579,Orang Pribadi,Jasa,50000000.0,0.3867,0.1295,4,0,0,KPP Delta,Non-PKP,Kecil,0.1298,0.1088,273859.0,Group D,62.91,58.59,0
WP-2026-00580,Badan,Perdagangan,50000000.0,-0.1961,0.0951,1,1,0,KPP Alpha,PKP,Menengah,0.3639,0.0689,0.0,Group D,44.01,46.48,1
WP-2026-00581,Badan,Jasa,50000000.0,0.122,0.0531,0,0,0,KPP Delta,PKP,Mikro,0.2948,0.2594,1968997.0,Group C,45.83,45.57,1
WP-2026-00582,Badan,Perdagangan,50000000.0,0.9019,,2,1,1,KPP Delta,Non-PKP,Menengah,0.2179,0.1127,0.0,Group B,55.18,49.99,1
WP-2026-00583,Badan,Konstruksi,50000000.0,-0.228,0.0662,0,3,0,KPP Gamma,Non-PKP,Kecil,0.0565,0.0248,0.0,Group C,66.76,66.43,1
WP-2026-00584,Badan,Perdagangan,50000000.0,-0.1516,0.0373,1,0,0,KPP Delta,Non-PKP,Mikro,0.2119,0.1013,0.0,Group A,54.56,65.62,1
WP-2026-00585,Orang Pribadi,Konstruksi,101291049.0,0.0744,0.2731,0,0,1,KPP Epsilon,Non-PKP,Besar,0.1377,0.0376,0.0,Group B,12.85,12.54,0
WP-2026-00586,Badan,Perdagangan,50000000.0,-0.1911,0.0899,0,1,0,KPP Delta,PKP,Kecil,0.3508,0.1157,0.0,Group A,28.95,28.57,0
WP-2026-00587,Badan,Jasa,50000000.0,0.3629,0.0428,3,0,0,KPP Beta,Non-PKP,Menengah,0.2444,0.0978,0.0,Group A,89.52,84.12,1
WP-2026-00588,Badan,Jasa,50000000.0,-0.091,0.078,0,2,0,KPP Gamma,Non-PKP,Kecil,0.3236,0.0274,0.0,Group D,22.27,24.33,0
WP-2026-00589,Badan,Konstruksi,50000000.0,0.2893,0.1146,2,0,0,KPP Delta,PKP,Besar,0.7483,0.1372,0.0,Group C,74.14,80.01,0
WP-2026-00590,Badan,Jasa,50000000.0,-0.3453,0.1338,3,1,1,KPP Beta,PKP,Kecil,0.2137,0.0779,0.0,Group B,45.3,51.14,0
WP-2026-00591,Orang Pribadi,Jasa,50000000.0,-0.4982,0.0471,0,1,0,KPP Delta,PKP,Kecil,0.1264,0.0204,0.0,Group A,30.49,21.83,0
WP-2026-00592,Badan,Transportasi,50000000.0,0.0067,0.0666,0,2,0,KPP Beta,Non-PKP,Menengah,0.1686,0.0276,1434002.0,Group C,31.51,29.78,0
WP-2026-00593,Badan,Manufaktur,50000000.0,-0.4219,0.2061,2,1,0,KPP Delta,Non-PKP,Kecil,0.5455,0.0075,0.0,Group B,43.51,35.16,0
WP-2026-00594,Badan,Perdagangan,50000000.0,0.5658,0.0879,0,0,0,KPP Alpha,Non-PKP,Kecil,0.2073,0.1111,125729.0,Group C,47.27,38.06,0
WP-2026-00595,Badan,Digital,50000000.0,-0.4095,0.134,0,0,0,KPP Alpha,PKP,Besar,0.1777,0.0371,0.0,Group D,16.15,20.62,0
WP-2026-00596,Badan,Jasa,50000000.0,-0.2521,0.0672,2,1,0,KPP Epsilon,PKP,Menengah,0.2771,0.0305,0.0,Group A,31.39,36.31,0
WP-2026-00597,Badan,Perdagangan,50000000.0,0.2124,0.0284,3,2,0,KPP Epsilon,PKP,Menengah,0.0878,0.0371,0.0,Group A,90.32,91.08,1
WP-2026-00598,Badan,Manufaktur,50000000.0,-0.1076,0.0953,0,0,0,KPP Epsilon,Non-PKP,Menengah,0.1348,0.0872,0.0,Group A,16.64,12.96,0
WP-2026-00599,Orang Pribadi,Perdagangan,50000000.0,-0.4059,0.123,4,1,0,KPP Epsilon,PKP,Menengah,0.1702,0.0299,11497129.0,Group A,66.92,75.33,0
WP-2026-00600,Badan,Perdagangan,50000000.0,0.7328,0.1139,2,0,0,KPP Gamma,Non-PKP,Besar,0.3358,0.0865,0.0,Group B,25.47,22.75,0
WP-2026-00601,Badan,Konstruksi,50000000.0,-0.2405,0.0745,1,2,0,KPP Beta,PKP,Menengah,0.2311,0.2165,1638430.0,Group A,35.67,33.25,0
WP-2026-00602,Orang Pribadi,Perdagangan,50000000.0,0.0172,0.013,2,0,1,KPP Alpha,PKP,Kecil,0.1105,0.1183,437894.0,Group A,76.04,82.79,0
WP-2026-00603,Orang Pribadi,Transportasi,50000000.0,0.0131,0.1083,2,0,0,KPP Gamma,PKP,Mikro,0.7525,0.028,0.0,Group A,55.15,61.69,1
WP-2026-00604,Orang Pribadi,Digital,50000000.0,0.3073,0.1704,1,0,1,KPP Beta,Non-PKP,Menengah,0.2806,0.0376,1205459.0,Group A,20.02,17.35,1
WP-2026-00605,Orang Pribadi,Manufaktur,93406342.0,0.228,0.031,2,0,0,KPP Epsilon,PKP,Menengah,0.2224,0.0583,0.0,Group C,100.0,89.98,0
WP-2026-00606,Orang Pribadi,Konstruksi,50000000.0,-0.1846,0.0963,1,0,0,KPP Alpha,Non-PKP,Kecil,0.4219,0.1498,3022113.0,Group A,18.52,20.29,0
WP-2026-00607,Orang Pribadi,Konstruksi,50000000.0,-0.0243,0.213,0,0,0,KPP Alpha,PKP,Mikro,0.1665,0.1508,0.0,Group C,60.44,58.46,1
WP-2026-00608,Badan,Digital,50000000.0,0.0074,0.2295,2,0,0,KPP Beta,PKP,Kecil,0.2631,0.0261,0.0,Group A,14.04,17.67,0
WP-2026-00609,Orang Pribadi,Jasa,50000000.0,0.3197,0.2551,1,2,0,KPP Alpha,PKP,Menengah,0.0922,0.1635,0.0,Group A,28.21,26.79,0
WP-2026-00610,Badan,Perdagangan,50000000.0,-0.2939,0.1105,1,0,1,KPP Beta,PKP,Menengah,0.1843,0.128,2010061.0,Group A,26.86,30.61,0
WP-2026-00611,Badan,Manufaktur,50000000.0,0.7258,0.1048,0,1,1,KPP Delta,PKP,Mikro,0.1639,0.0286,0.0,Group C,43.99,45.54,0
WP-2026-00612,Badan,Manufaktur,50000000.0,-0.1629,0.3123,0,1,0,KPP Beta,PKP,Menengah,0.3026,0.0685,0.0,Group A,24.34,9.65,0
WP-2026-00613,Orang Pribadi,Perdagangan,450000000.0,0.0772,0.2037,0,1,0,KPP Delta,PKP,Menengah,0.3285,0.0209,1118089.0,Group B,19.26,18.62,0
WP-2026-00614,Orang Pribadi,Manufaktur,50000000.0,-0.2912,0.0952,3,1,0,KPP Epsilon,PKP,Besar,0.307,0.0165,0.0,Group A,55.27,64.65,0
WP-2026-00615,Badan,Perdagangan,50000000.0,-0.3354,0.0683,0,2,1,KPP Delta,PKP,Mikro,0.1271,0.0629,1356778.0,Group D,46.05,42.19,0
WP-2026-00616,Orang Pribadi,Digital,50000000.0,-0.1998,0.0343,2,1,0,KPP Delta,PKP,Besar,0.0904,0.0748,0.0,Group A,98.91,92.14,1
WP-2026-00617,Orang Pribadi,Perdagangan,50000000.0,-0.2306,,1,1,0,KPP Beta,PKP,Menengah,0.2172,0.0549,404976.0,Group B,15.63,11.57,0
WP-2026-00618,Badan,Perdagangan,50000000.0,-0.0526,0.0722,2,2,0,KPP Alpha,PKP,Menengah,0.1064,0.0315,0.0,Group C,62.17,63.23,1
WP-2026-00619,Badan,Perdagangan,50000000.0,-0.2333,0.1197,2,3,0,KPP Beta,PKP,Mikro,0.074,0.0618,2922250.0,Group A,50.1,55.61,0
WP-2026-00620,Badan,Perdagangan,50000000.0,0.3026,0.2017,1,1,0,KPP Epsilon,PKP,Menengah,0.223,0.0896,4323145.0,Group A,18.83,24.19,1
WP-2026-00621,Orang Pribadi,Perdagangan,50000000.0,-0.1706,0.046,2,1,0,KPP Delta,PKP,Menengah,0.3239,0.0165,0.0,Group C,66.38,67.52,1
WP-2026-00622,Badan,Perdagangan,50000000.0,-0.206,0.1003,0,2,0,KPP Beta,PKP,Kecil,0.0905,0.0341,2402958.0,Group A,23.93,26.13,0
WP-2026-00623,Orang Pribadi,Perdagangan,50000000.0,-0.0458,0.0167,6,0,0,KPP Gamma,PKP,Kecil,0.108,0.0468,164022.0,Group A,93.33,96.68,1
WP-2026-00624,Badan,Perdagangan,50000000.0,0.3977,0.1097,0,0,0,KPP Delta,PKP,Menengah,0.1643,0.0839,496981.0,Group B,26.47,19.18,0
WP-2026-00625,Orang Pribadi,Jasa,50000000.0,0.1488,0.1168,2,1,1,KPP Delta,Non-PKP,Menengah,0.185,0.0442,1077496.0,Group A,60.79,55.26,1
WP-2026-00626,Badan,Jasa,50000000.0,0.0481,0.1052,2,2,0,KPP Gamma,Non-PKP,Mikro,0.1862,0.1996,145977.0,Group D,55.98,48.37,0
WP-2026-00627,Orang Pribadi,Jasa,50000000.0,-0.3786,0.2246,1,2,0,KPP Epsilon,PKP,Kecil,0.3571,0.0917,0.0,Group B,24.51,29.24,0
WP-2026-00628,Badan,Jasa,50000000.0,-0.2857,0.0555,0,1,0,KPP Delta,PKP,Kecil,0.0585,0.0066,1171443.0,Group B,18.38,23.9,1
WP-2026-00629,Badan,Perdagangan,50000000.0,-0.3291,0.1663,0,0,0,KPP Delta,PKP,Besar,0.1057,0.2619,505726.0,Group A,37.84,37.37,1
WP-2026-00630,Orang Pribadi,Perdagangan,50000000.0,0.4982,0.0497,2,0,0,KPP Alpha,PKP,Besar,0.0863,0.0447,0.0,Group C,66.31,63.82,1
WP-2026-00631,Orang Pribadi,Perdagangan,50000000.0,0.2498,0.1087,1,2,1,KPP Alpha,Non-PKP,Kecil,0.4416,0.0249,0.0,Group C,70.1,69.67,1
WP-2026-00632,Orang Pribadi,Konstruksi,50000000.0,-0.1957,0.0203,0,2,0,KPP Epsilon,PKP,Mikro,0.0811,0.0899,0.0,Group A,76.68,74.6,1
WP-2026-00633,Badan,Digital,50000000.0,-0.1006,,1,0,1,KPP Gamma,PKP,Kecil,0.2751,0.0733,775083.0,Group D,44.2,34.69,1
WP-2026-00634,Badan,Digital,50000000.0,-0.1841,0.301,1,0,0,KPP Gamma,Non-PKP,Kecil,0.2161,0.0237,969878.0,Group B,14.16,15.47,1
WP-2026-00635,Badan,Manufaktur,59234934.0,-0.2035,0.055,1,0,0,KPP Gamma,Non-PKP,Besar,0.0524,0.0432,518668.0,Group C,70.06,65.22,0
WP-2026-00636,Badan,Manufaktur,50000000.0,0.2273,,4,2,0,KPP Alpha,PKP,Menengah,0.0528,0.1265,0.0,Group A,78.18,75.08,1
WP-2026-00637,Badan,Jasa,50000000.0,-0.012,0.0355,0,1,0,KPP Delta,Non-PKP,Mikro,0.0592,0.1004,0.0,Group A,67.93,67.36,1
WP-2026-00638,Badan,Konstruksi,400000000.0,0.746,0.1403,0,0,0,KPP Alpha,Non-PKP,Mikro,0.3057,0.0089,0.0,Group C,25.79,21.22,0
WP-2026-00639,Orang Pribadi,Konstruksi,50000000.0,0.4801,0.1075,0,0,0,KPP Delta,Non-PKP,Kecil,0.1802,0.0126,887436.0,Group C,15.3,19.91,0
WP-2026-00640,Orang Pribadi,Transportasi,50000000.0,0.499,0.0894,0,0,0,KPP Gamma,PKP,Besar,0.1369,0.1586,118307.0,Group B,1.88,7.7,0
WP-2026-00641,Orang Pribadi,Transportasi,50000000.0,0.2948,0.1673,1,0,0,KPP Beta,Non-PKP,Menengah,0.0812,0.0396,264807.0,Group A,17.87,15.27,1
WP-2026-00642,Orang Pribadi,Jasa,50000000.0,-0.0553,0.0778,1,0,0,KPP Alpha,PKP,Menengah,0.6504,0.0289,0.0,Group C,24.37,34.2,1
WP-2026-00643,Badan,Konstruksi,50000000.0,0.2713,0.1848,1,0,1,KPP Delta,PKP,Kecil,0.5559,0.0987,463163.0,Group A,43.08,40.01,0
WP-2026-00644,Badan,Transportasi,50000000.0,-0.0316,0.0923,1,1,0,KPP Alpha,PKP,Besar,0.1405,0.0527,0.0,Group A,25.2,31.97,0
WP-2026-00645,Badan,Jasa,50000000.0,0.6017,0.2538,1,0,0,KPP Alpha,PKP,Kecil,0.4626,0.048,8181452.0,Group B,22.64,13.53,0
WP-2026-00646,Orang Pribadi,Digital,50000000.0,0.2094,0.0352,2,1,0,KPP Delta,PKP,Menengah,0.3748,0.0474,1972865.0,Group A,79.61,81.99,1
WP-2026-00647,Badan,Perdagangan,50000000.0,0.164,0.0966,0,1,0,KPP Beta,PKP,Besar,0.047,0.0607,0.0,Group A,18.96,10.24,0
WP-2026-00648,Badan,Digital,50000000.0,0.1207,0.1454,0,1,0,KPP Beta,PKP,Kecil,0.3933,0.0318,4825373.0,Group A,21.57,22.84,1
WP-2026-00649,Badan,Konstruksi,50000000.0,0.6369,0.2084,2,0,0,KPP Beta,Non-PKP,Besar,0.0858,0.0636,0.0,Group D,23.82,25.34,1
WP-2026-00650,Badan,Perdagangan,50000000.0,-0.3788,0.0699,1,1,0,KPP Delta,PKP,Kecil,0.2201,0.1675,1478044.0,Group A,44.46,39.27,0
WP-2026-00651,Badan,Manufaktur,50000000.0,0.6683,0.1105,1,2,0,KPP Beta,PKP,Menengah,0.1052,0.2093,1375857.0,Group C,74.51,72.75,1
WP-2026-00652,Orang Pribadi,Perdagangan,50000000.0,0.0204,0.0676,3,1,0,KPP Alpha,Non-PKP,Mikro,0.1158,0.1138,2689032.0,Group D,54.09,54.49,0
WP-2026-00653,Badan,Konstruksi,50000000.0,-0.37,0.1682,1,1,0,KPP Beta,PKP,Kecil,0.2422,0.0706,0.0,Group C,74.69,77.12,1
WP-2026-00654,Badan,Konstruksi,50000000.0,-0.1607,0.0674,5,0,1,KPP Alpha,Non-PKP,Kecil,0.2386,0.0941,192967.0,Group B,73.47,75.83,1
WP-2026-00655,Orang Pribadi,Manufaktur,50000000.0,-0.4483,0.1206,0,1,0,KPP Beta,PKP,Mikro,0.2696,0.1187,0.0,Group B,35.21,21.07,0
WP-2026-00656,Badan,Transportasi,50000000.0,0.2892,0.0757,1,0,0,KPP Alpha,PKP,Mikro,0.4334,0.1187,215346.0,Group A,4.98,15.03,0
WP-2026-00657,Orang Pribadi,Perdagangan,50000000.0,-0.2523,0.07,1,1,0,KPP Alpha,PKP,Kecil,0.1842,0.0327,7262589.0,Group B,22.01,29.23,0
WP-2026-00658,Badan,Perdagangan,50000000.0,0.134,0.1141,2,0,0,KPP Gamma,PKP,Menengah,0.3533,0.1096,0.0,Group D,37.09,30.03,0
WP-2026-00659,Badan,Jasa,50000000.0,0.4429,0.2057,4,1,0,KPP Epsilon,PKP,Kecil,0.0425,0.0357,0.0,Group C,90.33,83.72,1
WP-2026-00660,Badan,Perdagangan,50000000.0,-0.135,0.1392,0,0,1,KPP Alpha,PKP,Kecil,0.4156,0.0456,468069.0,Group B,5.95,11.48,0
WP-2026-00661,Badan,Jasa,50000000.0,-0.0058,0.1134,5,0,0,KPP Alpha,PKP,Besar,0.5417,0.1454,1429856.0,Group A,44.13,54.65,1
WP-2026-00662,Orang Pribadi,Perdagangan,70559875.0,-0.3371,0.1052,3,1,1,KPP Epsilon,PKP,Besar,0.4167,0.1435,0.0,Group D,71.9,64.27,1
WP-2026-00663,Badan,Jasa,50000000.0,-0.0443,0.0457,0,1,0,KPP Epsilon,PKP,Mikro,0.5658,0.078,466693.0,Group A,13.79,20.07,1
WP-2026-00664,Badan,Jasa,50000000.0,0.9037,0.0255,3,1,0,KPP Delta,PKP,Kecil,0.3054,0.0786,1620702.0,Group C,92.44,95.39,1
WP-2026-00665,Badan,Transportasi,50000000.0,0.3289,0.0645,1,0,0,KPP Beta,Non-PKP,Menengah,0.15,0.0686,1060763.0,Group A,30.0,29.43,0
WP-2026-00666,Badan,Perdagangan,50000000.0,-0.0047,0.1594,2,2,1,KPP Gamma,Non-PKP,Menengah,0.4197,0.0486,0.0,Group C,83.5,89.94,1
WP-2026-00667,Orang Pribadi,Transportasi,50000000.0,-0.1157,0.0469,1,0,0,KPP Alpha,PKP,Kecil,0.039,0.0468,0.0,Group C,44.05,38.5,0
WP-2026-00668,Orang Pribadi,Jasa,50000000.0,0.0664,0.0867,3,1,1,KPP Alpha,Non-PKP,Menengah,0.1437,0.0923,0.0,Group B,44.46,44.34,0
WP-2026-00669,Badan,Jasa,50000000.0,0.1216,0.1263,0,0,0,KPP Beta,Non-PKP,Mikro,0.0826,0.0179,3616695.0,Group A,5.27,10.56,0
WP-2026-00670,Badan,Manufaktur,50000000.0,-0.0541,0.1135,1,1,0,KPP Gamma,PKP,Kecil,0.1177,0.0428,0.0,Group C,71.78,76.54,1
WP-2026-00671,Badan,Jasa,50000000.0,0.2496,0.1462,1,1,0,KPP Beta,PKP,Menengah,0.3386,0.0344,0.0,Group A,33.31,25.53,0
WP-2026-00672,Badan,Perdagangan,50000000.0,-0.2251,0.0793,0,1,0,KPP Delta,PKP,Menengah,0.1701,0.0435,0.0,Group A,11.17,12.84,0
WP-2026-00673,Orang Pribadi,Manufaktur,50000000.0,-0.2267,0.1009,1,1,1,KPP Beta,Non-PKP,Menengah,0.2076,0.1725,670470.0,Group B,54.03,50.35,1
WP-2026-00674,Badan,Perdagangan,50000000.0,0.1985,0.0644,1,1,1,KPP Beta,PKP,Mikro,0.2058,0.0604,0.0,Group B,40.13,40.19,0
WP-2026-00675,Badan,Jasa,50000000.0,-0.294,0.0793,1,0,0,KPP Delta,PKP,Mikro,0.0802,0.0311,257587.0,Group C,63.7,74.23,1
WP-2026-00676,Badan,Manufaktur,50000000.0,0.3133,0.064,0,2,0,KPP Epsilon,Non-PKP,Mikro,0.3135,0.0585,0.0,Group A,24.76,20.28,0
WP-2026-00677,Orang Pribadi,Jasa,50000000.0,0.0754,0.1203,1,0,0,KPP Beta,PKP,Kecil,0.1819,0.0215,0.0,Group B,18.17,11.73,0
WP-2026-00678,Badan,Transportasi,50000000.0,-0.5049,0.1453,1,0,0,KPP Gamma,PKP,Mikro,0.4147,0.0097,0.0,Group D,38.37,27.32,0
WP-2026-00679,Badan,Perdagangan,50000000.0,0.115,0.1403,0,1,0,KPP Beta,PKP,Menengah,0.2604,0.078,0.0,Group A,0.27,11.67,0
WP-2026-00680,Badan,Digital,50000000.0,-0.4592,0.0401,0,0,1,KPP Alpha,Non-PKP,Menengah,0.2052,0.127,0.0,Group B,30.79,49.74,1
WP-2026-00681,Badan,Konstruksi,50000000.0,0.3019,0.0829,1,0,0,KPP Delta,PKP,Menengah,0.2043,0.1299,0.0,Group C,59.48,55.64,0
WP-2026-00682,Badan,Digital,50000000.0,0.0004,0.0637,0,1,1,KPP Alpha,PKP,Kecil,0.4465,0.1546,0.0,Group D,11.02,14.61,1
WP-2026-00683,Badan,Transportasi,50000000.0,0.6723,0.0536,3,0,1,KPP Gamma,PKP,Mikro,0.4184,0.078,289784.0,Group B,21.95,30.53,0
WP-2026-00684,Badan,Perdagangan,50000000.0,0.4228,0.0419,1,0,0,KPP Gamma,PKP,Menengah,0.3922,0.0134,0.0,Group C,89.63,88.98,1
WP-2026-00685,Badan,Manufaktur,50000000.0,-0.2594,0.1381,2,2,0,KPP Alpha,Non-PKP,Mikro,0.0987,0.0304,0.0,Group A,56.48,59.18,1
WP-2026-00686,Badan,Perdagangan,50000000.0,-0.5666,0.1663,3,0,0,KPP Alpha,PKP,Besar,0.4823,0.0486,0.0,Group A,52.12,59.78,1
WP-2026-00687,Badan,Transportasi,50000000.0,-0.1616,0.0574,1,1,0,KPP Beta,PKP,Mikro,0.0383,0.0358,0.0,Group D,27.21,27.7,0
WP-2026-00688,Orang Pribadi,Manufaktur,50000000.0,-0.3108,0.0661,1,1,0,KPP Epsilon,Non-PKP,Menengah,0.1894,0.0323,0.0,Group D,37.56,34.16,0
WP-2026-00689,Orang Pribadi,Perdagangan,50000000.0,0.6642,0.203,1,3,0,KPP Delta,PKP,Besar,0.156,0.0969,3033339.0,Group B,58.69,57.64,0
WP-2026-00690,Badan,Digital,50000000.0,0.0767,,3,2,0,KPP Beta,PKP,Menengah,0.1065,0.1256,246247.0,Group B,87.66,86.56,1
WP-2026-00691,Badan,Perdagangan,50000000.0,0.3787,0.0557,1,1,1,KPP Alpha,Non-PKP,Menengah,0.3039,0.2527,0.0,Group B,31.93,29.26,0
WP-2026-00692,Orang Pribadi,Manufaktur,50000000.0,-0.0112,0.0999,0,2,0,KPP Delta,Non-PKP,Menengah,0.1411,0.042,1319191.0,Group A,15.57,25.71,1
WP-2026-00693,Badan,Konstruksi,50000000.0,0.0225,0.1031,1,1,0,KPP Alpha,PKP,Mikro,0.275,0.1102,0.0,Group D,30.31,30.62,0
WP-2026-00694,Badan,Perdagangan,50000000.0,0.0696,0.2604,1,0,1,KPP Gamma,PKP,Menengah,0.2147,0.0231,387060.0,Group C,58.91,57.47,0
WP-2026-00695,Orang Pribadi,Manufaktur,50000000.0,0.4341,0.0735,0,2,0,KPP Delta,PKP,Besar,0.1849,0.0771,0.0,Group B,10.87,13.14,0
WP-2026-00696,Badan,perdagangan,50000000.0,0.1797,0.0792,3,1,0,KPP Gamma,PKP,Besar,0.2452,0.0419,0.0,Group A,39.0,43.97,0
WP-2026-00697,Orang Pribadi,Perdagangan,50000000.0,-0.2583,,0,1,0,KPP Beta,PKP,Kecil,0.3042,0.0949,585377.0,Group A,16.46,20.94,0
WP-2026-00698,Badan,Manufaktur,50000000.0,0.5992,0.1126,0,4,0,KPP Alpha,PKP,Kecil,0.4237,0.1002,0.0,Group A,39.62,41.38,1
WP-2026-00699,Badan,Perdagangan,50000000.0,-0.0137,0.0164,0,1,0,KPP Alpha,PKP,Menengah,0.0508,0.1273,0.0,Group C,85.26,79.78,0
WP-2026-00700,Badan,Konstruksi,50000000.0,-0.0658,0.0723,1,0,0,KPP Gamma,PKP,Menengah,0.0373,0.0104,1208581.0,Group B,26.78,17.61,1
WP-2026-00701,Badan,Perdagangan,50000000.0,-0.8254,0.1068,1,1,0,KPP Epsilon,Non-PKP,Kecil,0.1157,0.1125,1474091.0,Group A,26.29,18.35,0
WP-2026-00702,Badan,Digital,50000000.0,0.283,0.205,1,2,0,KPP Beta,Non-PKP,Mikro,0.1785,0.0778,842497.0,Group B,21.58,30.95,0
WP-2026-00703,Badan,Transportasi,50000000.0,0.1123,0.0632,1,1,0,KPP Gamma,Non-PKP,Mikro,0.1484,0.1327,0.0,Group D,39.54,45.17,0
WP-2026-00704,Orang Pribadi,Perdagangan,50000000.0,0.112,0.0731,3,1,0,KPP Delta,PKP,Kecil,0.1975,0.0922,0.0,Group A,52.19,48.25,0
WP-2026-00705,Badan,Jasa,50000000.0,-0.0489,0.1518,2,0,1,KPP Alpha,PKP,Mikro,0.5061,0.0228,0.0,Group B,33.85,26.05,0
WP-2026-00706,Badan,Manufaktur,50000000.0,-0.1041,0.0342,1,0,1,KPP Alpha,PKP,Mikro,0.0201,0.0532,6138418.0,Group B,56.4,62.2,0
WP-2026-00707,Orang Pribadi,Konstruksi,50000000.0,-0.0383,0.1091,1,1,0,KPP Beta,PKP,Mikro,0.1062,0.0756,0.0,Group A,23.27,22.17,0
WP-2026-00708,Orang Pribadi,Jasa,50000000.0,0.2282,0.0417,1,1,0,KPP Delta,Non-PKP,Besar,0.2184,0.1889,0.0,Group B,46.88,53.67,0
WP-2026-00709,Badan,Perdagangan,50000000.0,0.2845,0.1395,1,0,0,KPP Gamma,PKP,Mikro,0.0371,0.0184,906133.0,Group B,31.66,30.01,0
WP-2026-00710,Badan,Perdagangan,50000000.0,0.0061,0.0408,0,2,1,KPP Delta,PKP,Mikro,0.5116,0.0453,868039.0,Group A,77.97,81.83,0
WP-2026-00711,Orang Pribadi,Digital,50000000.0,0.3837,0.1164,1,0,1,KPP Epsilon,PKP,Kecil,0.7688,0.031,0.0,Group A,32.66,31.56,0
WP-2026-00712,Badan,Jasa,50000000.0,0.0547,0.0233,0,0,0,KPP Delta,PKP,Kecil,0.0669,0.1473,267387.0,Group C,62.14,69.41,0
WP-2026-00713,Orang Pribadi,Transportasi,50000000.0,-0.0814,0.0288,0,2,0,KPP Epsilon,Non-PKP,Besar,0.1102,0.0535,0.0,Group A,52.11,61.91,0
WP-2026-00714,Orang Pribadi,Manufaktur,50000000.0,0.1435,0.19,0,2,0,KPP Delta,PKP,Besar,0.2392,0.1133,0.0,Group B,28.9,10.31,0
WP-2026-00715,Orang Pribadi,Digital,50000000.0,-0.355,0.043,2,0,0,KPP Delta,PKP,Kecil,0.3542,0.0567,622164.0,Group B,84.24,83.82,1
WP-2026-00716,Badan,Perdagangan,50000000.0,0.1545,0.0854,2,0,0,KPP Delta,PKP,Kecil,0.1942,0.0104,0.0,Group C,69.72,56.91,1
WP-2026-00717,Badan,Perdagangan,50000000.0,-0.4135,0.1061,1,2,0,KPP Delta,Non-PKP,Kecil,0.4727,0.0652,0.0,Group C,88.85,79.8,1
WP-2026-00718,Badan,Digital,50000000.0,-0.2489,0.1013,2,1,0,KPP Delta,PKP,Mikro,0.5086,0.0847,0.0,Group C,71.68,81.49,1
WP-2026-00719,Badan,Digital,50000000.0,-0.566,0.0759,3,0,0,KPP Epsilon,PKP,Kecil,0.2928,0.0424,0.0,Group B,52.23,50.06,0
WP-2026-00720,Orang Pribadi,Jasa,50000000.0,0.024,0.0768,0,2,0,KPP Gamma,Non-PKP,Mikro,0.2906,0.1371,44718.0,Group B,12.25,20.02,1
WP-2026-00721,Badan,Jasa,50000000.0,0.5951,0.186,1,1,0,KPP Delta,Non-PKP,Mikro,0.1047,0.0668,68439.0,Group B,23.85,25.63,0
WP-2026-00722,Badan,Jasa,50000000.0,0.0425,0.2506,0,1,0,KPP Gamma,PKP,Menengah,0.1326,0.0634,0.0,Group A,8.25,19.56,0
WP-2026-00723,Badan,Jasa,50000000.0,0.2859,0.0863,1,0,0,KPP Delta,Non-PKP,Mikro,0.1812,0.0181,1319547.0,Group B,2.35,11.79,0
WP-2026-00724,Orang Pribadi,Perdagangan,50000000.0,0.8327,0.0565,0,0,0,KPP Gamma,PKP,Mikro,0.1333,0.0263,582416.0,Group A,19.88,25.01,0
WP-2026-00725,Badan,Transportasi,50000000.0,0.2093,,2,0,1,KPP Delta,Non-PKP,Kecil,0.3437,0.0392,949562.0,Group B,34.11,37.39,0
WP-2026-00726,Badan,Perdagangan,50000000.0,-0.1649,0.0316,1,0,0,KPP Delta,PKP,Kecil,0.1569,0.0819,750156.0,Group B,58.68,58.45,1
WP-2026-00727,Badan,Konstruksi,50000000.0,-0.1208,0.0849,1,3,1,KPP Epsilon,Non-PKP,Mikro,0.0742,0.0071,0.0,Group A,37.02,43.24,0
WP-2026-00728,Badan,Perdagangan,50000000.0,0.0802,0.1896,0,0,0,KPP Beta,Non-PKP,Mikro,0.1332,0.0467,365492.0,Group A,10.68,9.79,0
WP-2026-00729,Badan,Perdagangan,50000000.0,-0.1225,0.0645,1,1,0,KPP Delta,PKP,Kecil,0.2526,0.0177,0.0,Group C,70.62,63.8,0
WP-2026-00730,Badan,Manufaktur,50000000.0,-0.0986,0.2463,0,0,0,KPP Delta,PKP,Kecil,0.5584,0.0177,0.0,Group B,21.89,20.24,0
WP-2026-00731,Badan,Jasa,50000000.0,0.3953,0.1049,0,0,0,KPP Epsilon,Non-PKP,Menengah,0.4401,0.0414,0.0,Group C,43.61,44.02,0
WP-2026-00732,Badan,Manufaktur,50000000.0,0.4084,0.1698,1,0,1,KPP Epsilon,PKP,Besar,0.4349,0.0998,0.0,Group B,21.74,19.69,0
WP-2026-00733,Badan,Perdagangan,50000000.0,-0.447,0.1082,2,0,0,KPP Gamma,PKP,Kecil,0.1598,0.2174,0.0,Group C,68.44,77.05,1
WP-2026-00734,Badan,Digital,50000000.0,-0.1818,0.0988,3,0,0,KPP Gamma,PKP,Kecil,0.1693,0.07,0.0,Group C,73.77,68.06,1
WP-2026-00735,Badan,Konstruksi,50000000.0,-0.0685,0.0238,1,1,1,KPP Alpha,PKP,Menengah,0.1068,0.0937,0.0,Group A,82.9,90.09,1
WP-2026-00736,Badan,Transportasi,50000000.0,0.2717,0.0951,1,1,1,KPP Epsilon,Non-PKP,Menengah,0.332,0.1456,667416.0,Group D,33.8,24.49,0
WP-2026-00737,Badan,Perdagangan,50000000.0,0.4458,,0,1,0,KPP Beta,PKP,Kecil,0.0742,0.2215,3918780.0,Group A,39.69,35.06,1
WP-2026-00738,Badan,Jasa,50000000.0,0.9446,0.2184,1,0,0,KPP Delta,Non-PKP,Mikro,0.2036,0.2259,3040342.0,Group B,18.31,14.97,0
WP-2026-00739,Badan,Jasa,50000000.0,-0.069,0.0538,1,0,1,KPP Delta,PKP,Kecil,0.0866,0.0576,0.0,Group C,35.38,31.78,1
WP-2026-00740,Badan,Manufaktur,50000000.0,-0.053,0.1137,1,2,0,KPP Gamma,PKP,Menengah,0.2863,0.0114,0.0,Group A,48.96,48.97,0
WP-2026-00741,Badan,Jasa,50000000.0,0.2683,0.1743,1,2,1,KPP Alpha,PKP,Mikro,0.4254,0.0319,0.0,Group B,27.71,32.43,0
WP-2026-00742,Badan,Dagang,50000000.0,-0.1383,0.1022,2,1,0,KPP Alpha,PKP,Kecil,0.1528,0.0188,0.0,Group A,23.73,29.38,0
WP-2026-00743,Orang Pribadi,Jasa,50000000.0,0.0349,0.2429,1,2,1,KPP Delta,PKP,Kecil,0.047,0.0414,0.0,Group A,60.66,50.15,0
WP-2026-00744,Badan,Perdagangan,50000000.0,-0.0528,0.0674,0,1,1,KPP Gamma,PKP,Kecil,0.4217,0.0284,0.0,Group A,30.66,30.04,0
WP-2026-00745,Badan,Jasa,50000000.0,-0.7589,0.0276,2,3,1,KPP Alpha,PKP,Kecil,0.1909,0.0312,0.0,Group A,87.87,94.56,1
WP-2026-00746,Badan,Perdagangan,50000000.0,0.1194,0.1092,2,1,0,KPP Delta,Non-PKP,Menengah,0.2232,0.1118,310597.0,Group A,57.62,54.52,0
WP-2026-00747,Badan,Perdagangan,50000000.0,0.0216,0.0585,1,1,0,KPP Beta,PKP,Menengah,0.1899,0.0166,0.0,Group B,23.62,21.56,0
WP-2026-00748,Badan,Manufaktur,50000000.0,0.4868,0.049,2,2,0,KPP Epsilon,PKP,Kecil,0.3211,0.1263,0.0,Group B,47.43,49.4,0
WP-2026-00749,Orang Pribadi,Jasa,50000000.0,0.0818,0.0792,1,2,0,KPP Beta,Non-PKP,Mikro,0.1279,0.0582,0.0,Group B,13.73,19.12,0
WP-2026-00750,Orang Pribadi,Jasa,50000000.0,-0.3215,0.076,0,0,0,KPP Alpha,PKP,Menengah,0.0752,0.0111,0.0,Group C,44.17,39.76,1
WP-2026-00751,Badan,Manufaktur,50000000.0,-0.0026,0.1908,0,0,0,KPP Alpha,PKP,Kecil,0.4081,0.0813,1497496.0,Group A,14.55,8.87,0
WP-2026-00752,Badan,Konstruksi,50000000.0,-0.5891,0.05,0,1,1,KPP Gamma,Non-PKP,Mikro,0.0643,0.029,0.0,Group A,23.02,21.08,0
WP-2026-00753,Badan,Jasa,50000000.0,-0.3075,0.0436,0,0,0,KPP Gamma,PKP,Kecil,0.1416,0.1925,0.0,Group C,79.52,79.09,0
WP-2026-00754,Badan,Manufaktur,50000000.0,0.2834,0.2635,2,0,0,KPP Delta,PKP,Menengah,0.226,0.0375,0.0,Group D,27.16,31.86,0
WP-2026-00755,Badan,Dagang,50000000.0,0.0009,0.0337,1,1,0,KPP Gamma,PKP,Menengah,0.2154,0.2242,0.0,Group B,78.26,75.38,1
WP-2026-00756,Badan,Manufaktur,81407119.0,0.3752,0.1385,2,1,1,KPP Beta,Non-PKP,Besar,0.5081,0.1056,0.0,Group A,30.07,33.87,0
WP-2026-00757,Badan,Digital,50000000.0,-0.5494,0.0305,0,3,0,KPP Beta,PKP,Menengah,0.2616,0.0981,377430.0,Group C,88.49,96.12,1
WP-2026-00758,Orang Pribadi,Konstruksi,50000000.0,0.0024,0.1474,1,2,0,KPP Beta,Non-PKP,Kecil,0.4714,0.0284,1148094.0,Group D,35.36,28.61,0
WP-2026-00759,Badan,Perdagangan,50000000.0,-0.0722,0.0689,0,0,0,KPP Epsilon,PKP,Kecil,0.4377,0.0907,0.0,Group B,0.0,3.11,0
WP-2026-00760,Badan,Jasa,50000000.0,0.3859,0.0765,2,0,0,KPP Alpha,PKP,Kecil,0.342,0.0619,780498.0,Group A,2.12,13.5,0
WP-2026-00761,Badan,Konstruksi,50000000.0,0.2953,0.0744,2,1,0,KPP Epsilon,Non-PKP,Menengah,0.2693,0.0596,851530.0,Group A,39.4,31.55,0
WP-2026-00762,Badan,Dagang,50000000.0,0.2855,,2,4,1,KPP Beta,Non-PKP,Menengah,0.0888,0.1165,0.0,Group B,65.21,75.67,1
WP-2026-00763,Badan,Jasa,50000000.0,0.5733,0.0327,0,0,0,KPP Alpha,PKP,Mikro,0.0267,0.2394,0.0,Group D,40.84,43.18,0
WP-2026-00764,Badan,Perdagangan,50000000.0,-0.0378,0.0532,1,0,0,KPP Beta,PKP,Besar,0.3624,0.1471,3375004.0,Group C,27.03,33.6,1
WP-2026-00765,Orang Pribadi,Manufaktur,72834787.0,0.5072,0.0261,1,1,1,KPP Alpha,Non-PKP,Kecil,0.0923,0.067,0.0,Group A,66.96,71.3,1
WP-2026-00766,Badan,Perdagangan,50000000.0,-0.2541,0.0401,1,1,0,KPP Delta,PKP,Mikro,0.3625,0.0334,0.0,Group B,76.6,63.26,0
WP-2026-00767,Badan,Konstruksi,50000000.0,-0.2659,0.0462,2,0,0,KPP Gamma,PKP,Kecil,0.3191,0.0602,0.0,Group C,69.67,70.28,0
WP-2026-00768,Badan,Manufaktur,56443189.0,0.3209,0.0732,0,3,0,KPP Beta,PKP,Besar,0.0714,0.2246,0.0,Group B,30.48,28.32,0
WP-2026-00769,Badan,Konstruksi,50000000.0,-0.4015,0.2336,0,0,0,KPP Delta,Non-PKP,Besar,0.4359,0.0364,0.0,Group C,55.72,50.97,0
WP-2026-00770,Badan,Transportasi,50000000.0,0.2633,0.0336,2,2,0,KPP Delta,PKP,Kecil,0.1299,0.0795,0.0,Group B,65.22,69.1,0
WP-2026-00771,Badan,Manufaktur,50000000.0,0.1124,0.2374,1,1,1,KPP Epsilon,PKP,Besar,0.0274,0.0567,5280971.0,Group A,36.02,29.57,1
WP-2026-00772,Badan,Manufaktur,50000000.0,0.423,0.1197,2,1,1,KPP Epsilon,PKP,Besar,0.2035,0.0527,0.0,Group B,67.06,64.8,0
WP-2026-00773,Badan,Konstruksi,50000000.0,0.061,,1,1,1,KPP Delta,PKP,Menengah,0.1249,0.02,0.0,Group B,44.33,39.81,0
WP-2026-00774,Orang Pribadi,Transportasi,50000000.0,0.0979,0.1041,0,2,0,KPP Delta,PKP,Besar,0.3372,0.051,0.0,Group D,18.85,23.19,1
WP-2026-00775,Badan,Transportasi,50000000.0,0.243,0.1933,0,0,0,KPP Delta,PKP,Kecil,0.2487,0.109,4387926.0,Group B,9.23,6.57,0
WP-2026-00776,Orang Pribadi,Perdagangan,50000000.0,-0.132,0.159,1,1,1,KPP Gamma,PKP,Menengah,0.0172,0.0643,0.0,Group B,42.9,42.95,1
WP-2026-00777,Badan,Manufaktur,453751444.0,-0.146,0.069,1,1,0,KPP Delta,PKP,Menengah,0.1079,0.1138,1612567.0,Group B,47.69,40.92,1
WP-2026-00778,Badan,Perdagangan,50000000.0,0.2318,0.0154,4,0,0,KPP Alpha,PKP,Menengah,0.5866,0.0735,0.0,Group B,83.96,87.21,1
WP-2026-00779,Orang Pribadi,Transportasi,50000000.0,0.0706,0.0172,0,1,0,KPP Delta,Non-PKP,Mikro,0.1525,0.1285,0.0,Group A,58.98,46.79,1
WP-2026-00780,Orang Pribadi,Manufaktur,50000000.0,-0.0503,0.0796,1,3,0,KPP Epsilon,PKP,Menengah,0.2216,0.058,0.0,Group C,78.66,76.63,1
WP-2026-00781,Badan,Jasa,50000000.0,0.0535,0.0708,2,0,0,KPP Alpha,PKP,Besar,0.0516,0.0616,0.0,Group B,19.56,20.31,1
WP-2026-00782,Orang Pribadi,Perdagangan,50000000.0,0.5903,0.1065,1,1,0,KPP Delta,PKP,Kecil,0.0348,0.091,0.0,Group B,27.43,28.89,0
WP-2026-00783,Badan,Jasa,50000000.0,-0.0618,0.2814,1,1,0,KPP Epsilon,PKP,Besar,0.2482,0.1189,0.0,Group B,31.75,31.79,0
WP-2026-00784,Badan,Konstruksi,50000000.0,-0.071,0.1627,1,0,0,KPP Beta,Non-PKP,Kecil,0.1281,0.3484,0.0,Group A,10.86,14.63,0
WP-2026-00785,Orang Pribadi,Perdagangan,50000000.0,-0.4664,0.0463,3,0,0,KPP Gamma,PKP,Kecil,0.1549,0.0403,0.0,Group B,47.64,43.64,0
WP-2026-00786,Badan,Perdagangan,50000000.0,0.0664,0.0538,2,2,0,KPP Epsilon,Non-PKP,Mikro,0.2167,0.1163,916275.0,Group B,48.91,48.99,0
WP-2026-00787,Orang Pribadi,Transportasi,50000000.0,0.2902,0.0988,3,0,0,KPP Epsilon,PKP,Menengah,0.1246,0.1132,368254.0,Group B,49.93,38.26,0
WP-2026-00788,Badan,Konstruksi,50000000.0,0.3476,0.1814,1,0,0,KPP Alpha,Non-PKP,Menengah,0.2426,0.0888,0.0,Group C,34.18,36.78,0
WP-2026-00789,Orang Pribadi,Perdagangan,50000000.0,0.1146,0.0889,0,2,0,KPP Beta,PKP,Kecil,0.5652,0.0068,0.0,Group C,60.4,61.12,1
WP-2026-00790,Badan,Jasa,50000000.0,0.3859,0.1933,1,2,0,KPP Delta,PKP,Menengah,0.2822,0.0505,0.0,Group C,56.51,59.12,1
WP-2026-00791,Badan,Digital,50000000.0,0.314,0.0305,0,0,0,KPP Beta,PKP,Kecil,0.1254,0.0437,0.0,Group A,72.89,61.68,1
WP-2026-00792,Badan,Konstruksi,50000000.0,0.4361,0.075,2,1,0,KPP Beta,PKP,Kecil,0.0407,0.0217,0.0,Group A,16.47,25.15,1
WP-2026-00793,Badan,Manufaktur,50000000.0,0.395,0.1904,1,2,0,KPP Alpha,PKP,Besar,0.3841,0.1146,242674.0,Group C,63.45,62.89,1
WP-2026-00794,Badan,Jasa,50000000.0,0.5824,0.0614,1,3,0,KPP Alpha,PKP,Menengah,0.0188,0.143,0.0,Group B,41.95,40.07,0
WP-2026-00795,Badan,Jasa,50000000.0,0.0257,0.1028,0,3,1,KPP Gamma,Non-PKP,Menengah,0.0641,0.0841,400520.0,Group B,15.95,22.72,1
WP-2026-00796,Badan,Perdagangan,50000000.0,-0.3447,0.1927,6,2,0,KPP Delta,Non-PKP,Menengah,0.3207,0.015,0.0,Group B,100.0,92.05,1
WP-2026-00797,Badan,Konstruksi,50000000.0,0.2924,0.0457,2,1,0,KPP Delta,PKP,Besar,0.4103,0.0465,0.0,Group C,46.59,52.18,0
WP-2026-00798,Badan,Perdagangan,50000000.0,0.3298,0.0899,1,1,0,KPP Delta,PKP,Kecil,0.189,0.044,0.0,Group A,30.07,29.86,0
WP-2026-00799,Orang Pribadi,Perdagangan,50000000.0,0.5824,0.0417,2,1,1,KPP Gamma,PKP,Kecil,0.3378,0.0853,0.0,Group B,94.79,84.69,1
WP-2026-00800,Badan,Konstruksi,50000000.0,0.49,0.1069,0,0,0,KPP Beta,Non-PKP,Mikro,0.1121,0.2562,709295.0,Group A,10.92,13.17,0
WP-2026-00801,Orang Pribadi,Digital,50000000.0,0.7026,0.0633,0,0,1,KPP Alpha,PKP,Menengah,0.0472,0.0666,4474808.0,Group B,9.81,8.95,0
WP-2026-00802,Badan,Konstruksi,50000000.0,0.2784,,2,0,0,KPP Alpha,PKP,Menengah,0.2311,0.0174,0.0,Group C,56.31,58.37,1
WP-2026-00803,Orang Pribadi,Jasa,50000000.0,0.1532,0.1055,3,0,0,KPP Beta,PKP,Menengah,0.4867,0.0632,0.0,Group B,27.35,27.67,0
WP-2026-00804,Badan,Manufaktur,50000000.0,-0.3632,0.0751,0,1,0,KPP Alpha,PKP,Kecil,0.2302,0.1144,0.0,Group A,39.39,32.91,0
WP-2026-00805,Badan,Jasa,50000000.0,0.1786,0.0732,3,0,0,KPP Alpha,PKP,Mikro,0.3254,0.1166,0.0,Group D,40.32,42.85,0
WP-2026-00806,Badan,Jasa,50000000.0,-0.0968,0.0265,1,0,0,KPP Alpha,Non-PKP,Menengah,0.6153,0.1026,273662.0,Group C,65.38,81.31,1
WP-2026-00807,Badan,Manufaktur,50000000.0,0.1477,0.1527,2,0,0,KPP Delta,Non-PKP,Besar,0.1013,0.0568,0.0,Group B,20.33,20.53,0
WP-2026-00808,Badan,Jasa,50000000.0,0.0974,0.108,2,0,0,KPP Delta,Non-PKP,Kecil,0.0864,0.0823,0.0,Group D,24.0,23.63,0
WP-2026-00809,Badan,,50000000.0,0.231,0.076,1,2,0,KPP Epsilon,PKP,Kecil,0.2356,0.0814,815162.0,Group B,31.64,30.46,0
WP-2026-00810,Orang Pribadi,Transportasi,50000000.0,0.0489,0.1029,0,1,1,KPP Delta,PKP,Kecil,0.1921,0.0317,0.0,Group C,52.21,53.31,1
WP-2026-00811,Badan,Digital,50000000.0,0.3792,0.0558,1,2,1,KPP Gamma,Non-PKP,Kecil,0.2394,0.0743,0.0,Group A,38.09,43.26,0
WP-2026-00812,Badan,Perdagangan,50000000.0,-0.7914,0.0928,1,0,0,KPP Alpha,PKP,Kecil,0.1184,0.0046,0.0,Group A,47.58,49.05,1
WP-2026-00813,Orang Pribadi,Jasa,50000000.0,0.1408,0.151,1,1,1,KPP Gamma,PKP,Kecil,0.0206,0.1198,11067745.0,Group A,37.48,26.89,0
WP-2026-00814,Badan,Perdagangan,50000000.0,0.4648,0.1063,3,0,1,KPP Alpha,PKP,Menengah,0.1292,0.0529,1913434.0,Group A,64.63,64.88,1
WP-2026-00815,Badan,Jasa,50000000.0,0.6784,0.0648,2,1,1,KPP Gamma,PKP,Kecil,0.1438,0.0691,897623.0,Group B,40.41,36.5,0
WP-2026-00816,Orang Pribadi,Jasa,50000000.0,0.3142,0.1097,3,0,0,KPP Beta,PKP,Kecil,0.4566,0.0825,0.0,Group A,9.43,15.63,0
WP-2026-00817,Orang Pribadi,Perdagangan,50000000.0,0.6192,0.1432,2,1,0,KPP Gamma,PKP,Mikro,0.192,0.0748,290765.0,Group B,32.86,34.6,0
WP-2026-00818,Badan,Konstruksi,50000000.0,0.1341,0.0581,2,0,1,KPP Beta,PKP,Besar,0.5968,0.0263,0.0,Group A,59.41,65.41,1
WP-2026-00819,Badan,Manufaktur,50000000.0,0.0809,0.0824,2,2,0,KPP Delta,PKP,Kecil,0.4373,0.0391,0.0,Group A,66.43,58.67,0
WP-2026-00820,Badan,Digital,50000000.0,0.2494,0.1054,2,1,0,KPP Delta,PKP,Kecil,0.2806,0.0434,0.0,Group D,35.79,45.12,0
WP-2026-00821,Badan,Perdagangan,50000000.0,0.079,0.0167,1,2,0,KPP Delta,PKP,Mikro,0.2994,0.0555,0.0,Group B,78.74,76.51,1
WP-2026-00822,Badan,Perdagangan,50000000.0,-0.1704,0.0756,1,1,0,KPP Delta,Non-PKP,Menengah,0.5669,0.0305,0.0,Group D,43.74,41.7,0
WP-2026-00823,Badan,Jasa,50000000.0,-0.0849,0.164,1,1,0,KPP Gamma,Non-PKP,Besar,0.1001,0.0672,177100.0,Group B,25.96,24.3,0
WP-2026-00824,Badan,Perdagangan,50000000.0,-0.2759,0.0184,0,1,0,KPP Alpha,Non-PKP,Mikro,0.3037,0.1912,0.0,Group A,46.68,60.75,1
WP-2026-00825,Orang Pribadi,Perdagangan,50000000.0,0.2491,0.0496,0,1,0,KPP Delta,Non-PKP,Mikro,0.3956,0.1077,300240.0,Group B,0.41,12.55,0
WP-2026-00826,Badan,Digital,50000000.0,0.0836,0.0528,1,0,1,KPP Gamma,PKP,Mikro,0.2377,0.1185,0.0,Group B,27.04,26.34,0
WP-2026-00827,Badan,Perdagangan,50000000.0,-0.0353,0.0553,2,2,0,KPP Beta,PKP,Menengah,0.1764,0.0112,0.0,Group A,35.68,41.22,0
WP-2026-00828,Badan,Perdagangan,50000000.0,-0.1013,0.0411,1,0,0,KPP Beta,PKP,Besar,0.3708,0.004,255171.0,Group C,86.26,90.11,1
WP-2026-00829,Orang Pribadi,Manufaktur,50000000.0,0.2416,0.0693,0,0,0,KPP Epsilon,PKP,Kecil,0.313,0.0747,0.0,Group B,8.44,10.98,0
WP-2026-00830,Badan,Manufaktur,50000000.0,0.3297,0.1913,1,1,0,KPP Delta,Non-PKP,Kecil,0.3719,0.0764,0.0,Group C,46.89,53.21,1
WP-2026-00831,Badan,Manufaktur,50000000.0,-0.2818,0.0283,1,2,0,KPP Gamma,PKP,Menengah,0.278,0.187,0.0,Group B,66.21,73.56,0
WP-2026-00832,Badan,Jasa,50000000.0,-0.3321,0.0337,3,0,0,KPP Delta,Non-PKP,Menengah,0.2743,0.025,3015418.0,Group B,77.47,77.47,0
WP-2026-00833,Badan,Transportasi,50000000.0,0.3854,0.0587,2,0,1,KPP Gamma,PKP,Kecil,0.2653,0.0453,0.0,Group A,49.93,61.37,1
WP-2026-00834,Badan,Perdagangan,50000000.0,-0.36,0.2319,1,1,0,KPP Gamma,PKP,Mikro,0.255,0.0871,414526.0,Group D,31.08,34.11,0
WP-2026-00835,Orang Pribadi,Jasa,50000000.0,0.2552,0.1043,2,0,0,KPP Beta,Non-PKP,Kecil,0.2859,0.0137,0.0,Group B,19.21,23.21,0
WP-2026-00836,Badan,Konstruksi,50000000.0,0.5974,0.1065,0,1,1,KPP Gamma,PKP,Menengah,0.1646,0.0419,0.0,Group A,14.79,14.93,0
WP-2026-00837,Orang Pribadi,Transportasi,50000000.0,0.5982,0.1768,4,2,0,KPP Delta,Non-PKP,Menengah,0.0713,0.0554,429271.0,Group A,76.86,62.54,0
WP-2026-00838,Orang Pribadi,Jasa,50000000.0,0.3161,0.0564,1,0,0,KPP Alpha,Non-PKP,Menengah,0.3724,0.0528,0.0,Group B,4.29,10.18,0
WP-2026-00839,Badan,Manufaktur,50000000.0,0.3068,0.0801,1,1,0,KPP Delta,Non-PKP,Menengah,0.4401,0.0819,0.0,Group D,53.42,50.98,1
WP-2026-00840,Badan,Perdagangan,50000000.0,0.8006,0.0198,1,0,1,KPP Beta,Non-PKP,Kecil,0.2626,0.0347,0.0,Group D,60.48,59.16,1
WP-2026-00841,Badan,Perdagangan,50000000.0,-0.667,0.0703,2,2,0,KPP Delta,PKP,Kecil,0.1352,0.1137,0.0,Group C,85.25,81.89,1
WP-2026-00842,Orang Pribadi,Perdagangan,50000000.0,-0.0686,0.0899,0,1,1,KPP Delta,PKP,Mikro,0.3198,0.0837,0.0,Group D,38.64,39.92,1
WP-2026-00843,Badan,Konstruksi,50000000.0,0.3515,0.1755,3,0,1,KPP Delta,Non-PKP,Besar,0.5186,0.0262,0.0,Group C,99.29,90.64,1
WP-2026-00844,Badan,Jasa,50000000.0,-0.0279,0.0519,1,0,0,KPP Delta,PKP,Menengah,0.0219,0.0526,0.0,Group A,23.64,19.53,0
WP-2026-00845,Badan,Konstruksi,50000000.0,0.4767,0.2289,1,1,0,KPP Epsilon,PKP,Kecil,0.1379,0.0295,0.0,Group B,28.64,24.43,0
WP-2026-00846,Orang Pribadi,Perdagangan,50000000.0,0.0674,0.2961,1,1,0,KPP Gamma,PKP,Mikro,0.1031,0.0104,471490.0,Group A,9.55,18.03,0
WP-2026-00847,Badan,Transportasi,50000000.0,0.1222,0.0796,2,0,0,KPP Delta,PKP,Menengah,0.0711,0.0703,484180.0,Group A,18.5,17.92,0
WP-2026-00848,Badan,Transportasi,400000000.0,-0.0079,0.0205,1,1,1,KPP Delta,PKP,Menengah,0.3578,0.0792,0.0,Group B,61.86,64.92,0
WP-2026-00849,Badan,Perdagangan,50000000.0,-0.0872,0.0916,2,0,0,KPP Beta,Non-PKP,Menengah,0.4562,0.1747,0.0,Group A,16.15,21.32,0
WP-2026-00850,Orang Pribadi,Perdagangan,50000000.0,-0.0951,0.1399,0,1,0,KPP Beta,PKP,Kecil,0.1685,0.0126,0.0,Group D,14.53,18.28,0
WP-2026-00851,Badan,Perdagangan,50000000.0,0.1668,0.2545,0,0,0,KPP Gamma,PKP,Besar,0.0625,0.0659,448311.0,Group D,7.69,8.02,0
WP-2026-00852,Badan,Transportasi,50000000.0,-0.1679,0.1565,0,2,0,KPP Beta,PKP,Menengah,0.2358,0.0492,0.0,Group A,23.94,21.2,0
WP-2026-00853,Orang Pribadi,Perdagangan,50000000.0,0.385,0.1867,0,0,1,KPP Beta,PKP,Menengah,0.3431,0.0848,7089894.0,Group C,46.41,40.52,1
WP-2026-00854,Orang Pribadi,Manufaktur,50000000.0,0.289,0.0412,1,2,0,KPP Beta,PKP,Menengah,0.1722,0.1162,0.0,Group B,74.42,68.81,1
WP-2026-00855,Badan,Jasa,50000000.0,0.4318,0.0294,1,0,0,KPP Delta,Non-PKP,Besar,0.303,0.147,0.0,Group A,70.12,68.36,1
WP-2026-00856,Badan,Konstruksi,50000000.0,-0.2813,0.0492,0,0,0,KPP Alpha,PKP,Besar,0.2076,0.1449,0.0,Group A,10.48,10.15,1
WP-2026-00857,Orang Pribadi,Manufaktur,50000000.0,-0.4638,0.1601,0,2,0,KPP Delta,PKP,Menengah,0.3661,0.0281,1821440.0,Group A,46.85,48.8,0
WP-2026-00858,Orang Pribadi,Manufaktur,50000000.0,0.0787,0.192,0,0,0,KPP Gamma,PKP,Kecil,0.3977,0.1516,0.0,Group A,16.17,17.66,0
WP-2026-00859,Badan,Digital,50000000.0,1.0076,0.2027,1,0,0,KPP Delta,PKP,Kecil,0.4118,0.246,0.0,Group A,10.97,15.65,0
WP-2026-00860,Badan,Perdagangan,50000000.0,0.4852,0.1646,2,2,0,KPP Alpha,Non-PKP,Menengah,0.3607,0.0641,0.0,Group A,55.57,58.14,0
WP-2026-00861,Orang Pribadi,Transportasi,50000000.0,-0.0974,0.1326,0,1,1,KPP Gamma,Non-PKP,Menengah,0.5533,0.0657,0.0,Group A,28.05,25.93,1
WP-2026-00862,Orang Pribadi,Perdagangan,50000000.0,0.2158,0.205,2,1,0,KPP Alpha,Non-PKP,Mikro,0.2292,0.1105,0.0,Group D,62.52,53.28,1
WP-2026-00863,Orang Pribadi,Jasa,50000000.0,0.3128,0.0743,5,0,0,KPP Delta,Non-PKP,Mikro,0.2178,0.0844,0.0,Group A,67.36,68.26,1
WP-2026-00864,Badan,Transportasi,50000000.0,-0.3579,0.2267,2,1,0,KPP Beta,PKP,Besar,0.1903,0.1161,1085241.0,Group A,21.16,26.0,0
WP-2026-00865,Badan,Konstruksi,84426646.0,0.5183,0.0835,1,0,0,KPP Epsilon,Non-PKP,Besar,0.1992,0.0208,0.0,Group B,13.8,7.99,0
WP-2026-00866,Orang Pribadi,Konstruksi,50000000.0,0.0264,0.1611,2,1,0,KPP Beta,PKP,Besar,0.5191,0.3434,0.0,Group A,24.73,36.74,0
WP-2026-00867,Orang Pribadi,Perdagangan,50000000.0,0.051,0.1141,0,1,0,KPP Gamma,Non-PKP,Kecil,0.2526,0.047,0.0,Group B,25.15,18.89,0
WP-2026-00868,Orang Pribadi,Jasa,50000000.0,0.0876,0.0883,1,0,0,KPP Beta,PKP,Menengah,0.3777,0.1564,0.0,Group A,5.39,13.99,0
WP-2026-00869,Badan,Jasa,50000000.0,0.4463,0.0632,1,1,0,KPP Delta,PKP,Menengah,0.1477,0.0336,0.0,Group B,21.92,17.98,1
WP-2026-00870,Badan,Manufaktur,50000000.0,-0.1617,0.0989,1,0,0,KPP Gamma,PKP,Kecil,0.3875,0.192,0.0,Group B,14.96,17.81,0
WP-2026-00871,Orang Pribadi,Jasa,50000000.0,-0.4662,0.1005,0,0,0,KPP Beta,PKP,Mikro,0.3069,0.1343,1173391.0,Group C,20.07,18.14,0
WP-2026-00872,Badan,Jasa,59794526.0,0.1833,0.094,0,1,0,KPP Alpha,PKP,Besar,0.1219,0.174,0.0,Group B,27.4,14.9,0
WP-2026-00873,Orang Pribadi,Jasa,50000000.0,-0.574,0.0506,1,1,0,KPP Alpha,PKP,Mikro,0.4361,0.1069,0.0,Group B,28.8,33.83,1
WP-2026-00874,Badan,Perdagangan,50000000.0,-0.0164,0.0851,2,2,1,KPP Alpha,Non-PKP,Menengah,0.0881,0.0679,412501.0,Group A,59.62,65.62,1
WP-2026-00875,Badan,Jasa,50000000.0,0.4598,0.0499,4,0,0,KPP Epsilon,PKP,Menengah,0.0912,0.3228,592818.0,Group A,46.73,46.26,1
WP-2026-00876,Orang Pribadi,Dagang,50000000.0,0.2653,0.0182,1,0,0,KPP Gamma,PKP,Menengah,0.4006,0.0853,0.0,Group B,54.63,45.48,0
WP-2026-00877,Badan,Transportasi,50000000.0,0.4136,0.1094,0,1,0,KPP Alpha,PKP,Kecil,0.1639,0.0168,0.0,Group A,9.38,8.3,0
WP-2026-00878,Badan,Manufaktur,50000000.0,0.2785,0.5042,1,0,0,KPP Epsilon,PKP,Menengah,0.2828,0.1586,0.0,Group A,12.54,12.27,0
WP-2026-00879,Badan,Perdagangan,50000000.0,0.8513,0.097,1,1,0,KPP Alpha,PKP,Kecil,0.0911,0.0513,0.0,Group C,77.42,76.41,1
WP-2026-00880,Badan,Konstruksi,50000000.0,-0.1082,0.0597,1,0,0,KPP Gamma,PKP,Menengah,0.0994,0.0985,1073787.0,Group A,12.12,18.15,0
WP-2026-00881,Badan,Transportasi,50000000.0,0.2074,0.0596,0,0,1,KPP Delta,PKP,Kecil,0.1787,0.0063,3123240.0,Group A,24.64,23.57,0
WP-2026-00882,Badan,Perdagangan,50000000.0,-0.0602,0.2107,0,0,0,KPP Epsilon,PKP,Menengah,0.1056,0.0963,0.0,Group B,10.2,12.55,0
WP-2026-00883,Orang Pribadi,Perdagangan,50000000.0,0.3862,0.0881,3,0,0,KPP Delta,PKP,Menengah,0.1198,0.0874,0.0,Group B,48.62,40.68,0
WP-2026-00884,Badan,Perdagangan,50000000.0,0.0603,0.0923,3,2,0,KPP Gamma,PKP,Kecil,0.2544,0.0607,0.0,Group C,84.77,79.98,1
WP-2026-00885,Badan,Perdagangan,50000000.0,0.63,,1,0,0,KPP Epsilon,Non-PKP,Kecil,0.4738,0.0201,0.0,Group D,14.35,22.3,0
WP-2026-00886,Badan,Konstruksi,50000000.0,-0.0899,0.0365,1,1,0,KPP Alpha,Non-PKP,Menengah,0.1821,0.1075,276164.0,Group D,57.92,59.62,1
WP-2026-00887,Badan,Digital,50000000.0,0.5303,0.1955,2,1,1,KPP Epsilon,PKP,Mikro,0.1541,0.0348,299450.0,Group B,49.49,46.32,0
WP-2026-00888,Badan,Perdagangan,50000000.0,0.2698,0.0568,1,1,0,KPP Delta,PKP,Kecil,0.3311,0.0769,0.0,Group A,14.25,20.14,1
WP-2026-00889,Badan,Konstruksi,50000000.0,0.0696,0.0148,2,4,1,KPP Epsilon,Non-PKP,Kecil,0.2412,0.0838,1748996.0,Group B,86.8,93.27,1
WP-2026-00890,Badan,Perdagangan,50000000.0,0.2536,0.1611,2,0,0,KPP Beta,PKP,Besar,0.2154,0.0854,0.0,Group B,16.85,19.62,0
WP-2026-00891,Badan,Manufaktur,50000000.0,0.1636,0.0334,2,1,0,KPP Alpha,PKP,Menengah,0.1217,0.0757,0.0,Group B,86.98,84.91,0
WP-2026-00892,Orang Pribadi,Konstruksi,50000000.0,0.1939,0.1105,1,1,0,KPP Delta,PKP,Kecil,0.1727,0.0803,0.0,Group A,17.9,11.68,0
WP-2026-00893,Badan,Jasa,50000000.0,0.0138,0.1297,4,1,0,KPP Gamma,PKP,Besar,0.3454,0.0587,1349181.0,Group A,81.16,79.77,1
WP-2026-00894,Badan,Perdagangan,50000000.0,-0.1445,0.0875,2,0,0,KPP Gamma,Non-PKP,Kecil,0.2172,0.0863,0.0,Group A,36.61,21.84,1
WP-2026-00895,Orang Pribadi,Manufaktur,50000000.0,-0.0272,0.1459,0,1,0,KPP Epsilon,Non-PKP,Kecil,0.0818,0.1539,0.0,Group A,12.09,16.15,1
WP-2026-00896,Orang Pribadi,Digital,50000000.0,-0.4586,0.0816,2,0,0,KPP Delta,PKP,Kecil,0.4027,0.0573,0.0,Group A,46.45,42.01,1
WP-2026-00897,Badan,Perdagangan,50000000.0,0.3494,0.0783,0,1,0,KPP Beta,PKP,Kecil,0.259,0.1681,1511244.0,Group D,14.58,21.23,0
WP-2026-00898,Badan,Perdagangan,50000000.0,-0.3153,0.1058,1,1,0,KPP Gamma,Non-PKP,Kecil,0.1234,0.0635,7872111.0,Group A,51.46,41.79,1
WP-2026-00899,Badan,Perdagangan,50000000.0,0.0104,0.0696,1,0,0,KPP Alpha,PKP,Menengah,0.1669,0.0285,0.0,Group B,25.24,17.08,1
WP-2026-00900,Badan,Manufaktur,50000000.0,0.2874,0.1038,1,2,0,KPP Alpha,PKP,Mikro,0.3739,0.2039,0.0,Group D,65.57,61.3,1
WP-2026-00901,Badan,Manufaktur,50000000.0,0.3486,0.0677,1,3,0,KPP Alpha,PKP,Menengah,0.1104,0.1332,0.0,Group A,41.81,52.23,0
WP-2026-00902,Badan,Konstruksi,50000000.0,-0.4879,0.1825,1,0,0,KPP Delta,Non-PKP,Kecil,0.2189,0.0531,1809725.0,Group B,25.72,21.51,0
WP-2026-00903,Badan,Konstruksi,50000000.0,0.0506,0.0331,2,1,0,KPP Delta,Non-PKP,Kecil,0.3382,0.0689,0.0,Group C,88.26,93.17,1
WP-2026-00904,Badan,Transportasi,50000000.0,0.2271,0.1941,0,0,0,KPP Gamma,PKP,Mikro,0.2349,0.0528,3985329.0,Group A,10.72,8.0,1
WP-2026-00905,Orang Pribadi,Transportasi,50000000.0,0.0966,0.0595,1,0,0,KPP Beta,Non-PKP,Menengah,0.227,0.012,638634.0,Group B,11.26,19.99,0
WP-2026-00906,Badan,Perdagangan,50000000.0,0.5101,0.1131,0,1,1,KPP Delta,PKP,Menengah,0.11,0.2163,3236811.0,Group C,80.29,78.67,1
WP-2026-00907,Badan,Manufaktur,50000000.0,-0.183,0.0495,3,1,0,KPP Delta,PKP,Kecil,0.281,0.1428,0.0,Group C,89.86,91.99,1
WP-2026-00908,Badan,Jasa,50000000.0,-0.5757,0.1571,0,0,0,KPP Epsilon,Non-PKP,Mikro,0.257,0.0145,3617734.0,Group C,5.67,10.34,0
WP-2026-00909,Badan,Jasa,50000000.0,0.3393,0.1262,2,1,1,KPP Gamma,Non-PKP,Kecil,0.0418,0.1766,0.0,Group D,29.63,26.07,0
WP-2026-00910,Badan,Digital,50000000.0,-0.0919,0.1191,1,0,0,KPP Delta,PKP,Menengah,0.3006,0.1072,528996.0,Group A,20.01,20.31,1
WP-2026-00911,Orang Pribadi,Konstruksi,50000000.0,-0.4827,0.0911,0,3,1,KPP Gamma,PKP,Kecil,0.4547,0.0202,0.0,Group C,77.24,78.47,1
WP-2026-00912,Orang Pribadi,Digital,50000000.0,0.0293,0.0682,0,2,0,KPP Gamma,Non-PKP,Menengah,0.4753,0.0815,1321775.0,Group B,23.46,19.04,0
WP-2026-00913,Orang Pribadi,Jasa,50000000.0,0.4738,0.1673,4,0,0,KPP Epsilon,PKP,Kecil,0.2103,0.0549,0.0,Group C,96.14,84.72,1
WP-2026-00914,Orang Pribadi,Manufaktur,50000000.0,-0.3242,0.1637,2,2,1,KPP Beta,PKP,Kecil,0.1715,0.0675,4044549.0,Group C,94.82,93.17,1
WP-2026-00915,Orang Pribadi,Manufaktur,50000000.0,0.8275,0.1057,2,0,0,KPP Beta,PKP,Menengah,0.3895,0.0339,0.0,Group C,49.73,60.57,1
WP-2026-00916,Orang Pribadi,Perdagangan,50000000.0,-0.1881,0.0726,0,0,0,KPP Beta,PKP,Kecil,0.2064,0.0239,1733276.0,Group D,0.0,8.76,0
WP-2026-00917,Badan,Perdagangan,50000000.0,0.1078,0.2935,3,1,0,KPP Gamma,PKP,Mikro,0.1518,0.0922,0.0,Group A,38.4,37.99,1
WP-2026-00918,Badan,Manufaktur,50000000.0,-0.3101,0.1093,0,1,1,KPP Gamma,PKP,Besar,0.554,0.1157,0.0,Group B,52.03,45.87,1
WP-2026-00919,Badan,Perdagangan,50000000.0,0.0933,0.0759,1,1,0,KPP Delta,PKP,Mikro,0.0551,0.0562,0.0,Group A,33.07,32.26,0
WP-2026-00920,Badan,Digital,50000000.0,0.0372,0.1431,0,2,0,KPP Gamma,PKP,Kecil,0.4387,0.3211,293122.0,Group B,17.39,14.32,0
WP-2026-00921,Badan,Perdagangan,50000000.0,-0.3966,0.1011,1,1,0,KPP Alpha,PKP,Kecil,0.1655,0.0955,965136.0,Group C,69.57,69.92,1
WP-2026-00922,Orang Pribadi,Perdagangan,50000000.0,0.9843,0.2042,2,2,1,KPP Epsilon,PKP,Kecil,0.3116,0.2183,3363490.0,Group C,79.05,73.28,1
WP-2026-00923,Badan,Konstruksi,50000000.0,-0.0785,0.0105,2,0,0,KPP Beta,PKP,Menengah,0.2163,0.0265,0.0,Group B,39.49,35.79,0
WP-2026-00924,Badan,Perdagangan,50000000.0,-0.0782,0.0134,0,3,0,KPP Epsilon,PKP,Mikro,0.3435,0.0289,62558.0,Group B,53.32,59.44,0
WP-2026-00925,Badan,Digital,50000000.0,0.3901,0.0389,1,1,1,KPP Alpha,Non-PKP,Besar,0.2202,0.0622,0.0,Group A,88.18,85.49,1
WP-2026-00926,Badan,Konstruksi,50000000.0,0.6606,0.0468,2,0,0,KPP Gamma,Non-PKP,Menengah,0.1914,0.1051,0.0,Group A,35.01,44.26,0
WP-2026-00927,Badan,Perdagangan,50000000.0,0.4405,0.2358,0,1,0,KPP Gamma,PKP,Besar,0.2688,0.096,544147.0,Group A,11.79,9.1,0
WP-2026-00928,Orang Pribadi,Konstruksi,50000000.0,-0.3044,0.1282,2,0,0,KPP Delta,Non-PKP,Menengah,0.3072,0.1692,0.0,Group D,26.98,28.68,1
WP-2026-00929,Badan,Manufaktur,846351156.0,0.1485,0.0816,0,1,0,KPP Alpha,Non-PKP,Besar,0.1606,0.0062,0.0,Group A,20.71,19.75,0
WP-2026-00930,Orang Pribadi,Konstruksi,50000000.0,-0.522,0.1057,0,0,0,KPP Epsilon,PKP,Menengah,0.1639,0.0944,1498373.0,Group D,15.73,13.79,0
WP-2026-00931,Badan,Transportasi,50000000.0,0.3685,0.1635,1,0,0,KPP Gamma,Non-PKP,Kecil,0.4041,0.3716,0.0,Group A,34.19,32.5,1
WP-2026-00932,Badan,Konstruksi,50000000.0,-0.4433,0.0772,1,3,0,KPP Gamma,PKP,Kecil,0.1563,0.0095,2347569.0,Group C,93.63,85.12,1
WP-2026-00933,Badan,Manufaktur,50000000.0,-0.177,0.1592,1,0,1,KPP Gamma,PKP,Menengah,0.1986,0.0918,0.0,Group B,32.83,32.63,1
WP-2026-00934,Orang Pribadi,Jasa,50000000.0,0.079,0.0743,0,0,0,KPP Alpha,PKP,Kecil,0.3478,0.0626,0.0,Group C,20.39,19.25,0
WP-2026-00935,Orang Pribadi,Konstruksi,50000000.0,0.2224,0.0981,3,0,0,KPP Gamma,PKP,Menengah,0.349,0.0407,0.0,Group B,47.07,39.09,0
WP-2026-00936,Badan,Digital,50000000.0,-0.0035,0.1242,1,0,0,KPP Beta,Non-PKP,Mikro,0.4426,0.0097,80825.0,Group C,75.63,64.25,0
WP-2026-00937,Orang Pribadi,Manufaktur,50000000.0,0.5661,0.0986,2,0,1,KPP Beta,Non-PKP,Menengah,0.1413,0.1933,1042230.0,Group D,46.11,46.21,0
WP-2026-00938,Badan,Konstruksi,50000000.0,0.3114,0.0161,0,1,0,KPP Delta,PKP,Kecil,0.2384,0.0339,134998.0,Group B,50.43,53.5,1
WP-2026-00939,Orang Pribadi,Jasa,50000000.0,0.2863,,0,0,0,KPP Gamma,PKP,Besar,0.2816,0.0178,0.0,Group A,4.6,7.38,0
WP-2026-00940,Badan,Konstruksi,50000000.0,-0.3134,0.048,0,1,0,KPP Alpha,Non-PKP,Mikro,0.3739,0.0363,0.0,Group A,13.15,10.45,0
WP-2026-00941,Badan,Digital,50000000.0,0.6238,0.0449,1,1,1,KPP Alpha,Non-PKP,Mikro,0.0807,0.0267,0.0,Group C,86.64,87.86,1
WP-2026-00942,Orang Pribadi,Perdagangan,50000000.0,-0.177,0.0617,1,2,1,KPP Alpha,PKP,Menengah,0.0723,0.0142,0.0,Group B,17.83,28.32,0
WP-2026-00943,Badan,Perdagangan,50000000.0,0.636,0.0826,0,1,0,KPP Alpha,PKP,Menengah,0.0723,0.0685,0.0,Group B,13.1,6.37,0
WP-2026-00944,Badan,Manufaktur,600000000.0,0.7271,0.1378,0,2,0,KPP Delta,PKP,Menengah,0.3371,0.1684,0.0,Group B,18.68,13.79,0
WP-2026-00945,Badan,Manufaktur,50000000.0,0.2441,0.0348,0,2,0,KPP Alpha,PKP,Besar,0.3255,0.1066,2065722.0,Group B,41.06,34.18,0
WP-2026-00946,Badan,Manufaktur,50000000.0,0.4102,0.1085,1,0,0,KPP Epsilon,Non-PKP,Kecil,0.2382,0.0324,0.0,Group C,44.12,36.06,0
WP-2026-00947,Badan,Perdagangan,50000000.0,-0.9065,0.0928,4,2,0,KPP Alpha,Non-PKP,Menengah,0.0632,0.0664,3148148.0,Group C,95.9,94.76,1
WP-2026-00948,Orang Pribadi,Jasa,50000000.0,0.0176,0.0902,1,0,0,KPP Alpha,Non-PKP,Kecil,0.5643,0.0657,0.0,Group C,52.73,51.17,1
WP-2026-00949,Orang Pribadi,Manufaktur,50000000.0,0.4327,0.0214,1,1,0,KPP Epsilon,PKP,Menengah,0.2568,0.0569,0.0,Group C,93.92,87.88,1
WP-2026-00950,Badan,Manufaktur,50000000.0,0.3758,0.0372,2,1,0,KPP Beta,Non-PKP,Kecil,0.2291,0.0202,0.0,Group D,78.44,85.73,1
WP-2026-00951,Badan,Manufaktur,50000000.0,-0.3103,0.0801,0,0,1,KPP Gamma,Non-PKP,Mikro,0.3225,0.0469,0.0,Group B,32.92,35.03,0
WP-2026-00952,Badan,Konstruksi,50000000.0,-0.014,0.3792,0,1,0,KPP Epsilon,PKP,Menengah,0.2112,0.0575,0.0,Group D,35.65,36.0,0
WP-2026-00953,Badan,Manufaktur,50000000.0,-0.7316,0.1415,0,1,1,KPP Epsilon,Non-PKP,Menengah,0.148,0.0473,0.0,Group A,37.13,31.6,0
WP-2026-00954,Badan,Konstruksi,50000000.0,0.2122,0.2453,1,0,0,KPP Delta,PKP,Mikro,0.1123,0.1579,2320678.0,Group B,13.23,16.46,0
WP-2026-00955,Orang Pribadi,Manufaktur,50000000.0,-0.5227,0.0997,2,1,0,KPP Alpha,PKP,Besar,0.341,0.1125,1142371.0,Group C,68.15,72.43,0
WP-2026-00956,Orang Pribadi,Manufaktur,50000000.0,0.4418,0.0168,3,2,1,KPP Gamma,PKP,Menengah,0.2198,0.1759,0.0,Group B,92.87,95.45,1
WP-2026-00957,Orang Pribadi,Manufaktur,50000000.0,0.4585,0.0577,1,1,0,KPP Epsilon,PKP,Mikro,0.3072,0.2182,0.0,Group A,28.66,25.85,1
WP-2026-00958,Badan,Perdagangan,114517289.0,-0.0718,0.0538,3,1,0,KPP Epsilon,PKP,Menengah,0.3499,0.077,0.0,Group B,41.19,41.6,0
WP-2026-00959,Badan,Perdagangan,50000000.0,0.2468,0.0823,2,1,0,KPP Alpha,Non-PKP,Kecil,0.3495,0.028,1443535.0,Group A,24.4,33.11,1
WP-2026-00960,Badan,Manufaktur,50000000.0,0.0105,0.1467,2,1,1,KPP Beta,PKP,Mikro,0.4404,0.0103,461135.0,Group D,32.98,40.5,0
WP-2026-00961,Badan,Transportasi,50000000.0,0.1574,0.0657,0,0,0,KPP Beta,PKP,Menengah,0.2668,0.0424,912951.0,Group A,4.31,3.49,0
WP-2026-00962,Badan,Konstruksi,50000000.0,-0.2871,0.0691,2,0,0,KPP Alpha,PKP,Mikro,0.3047,0.0518,0.0,Group A,27.24,26.22,0
WP-2026-00963,Badan,Perdagangan,50000000.0,0.2792,0.201,1,0,0,KPP Delta,PKP,Mikro,0.484,0.0704,637342.0,Group B,29.06,28.89,1
WP-2026-00964,Badan,Manufaktur,50000000.0,-0.4452,0.1591,3,0,0,KPP Beta,Non-PKP,Menengah,0.1432,0.0868,0.0,Group B,56.15,58.97,0
WP-2026-00965,Orang Pribadi,Perdagangan,50000000.0,-0.5056,0.1258,0,0,0,KPP Beta,PKP,Mikro,0.0934,0.0305,0.0,Group A,24.99,20.27,0
WP-2026-00966,Badan,Konstruksi,50000000.0,0.041,0.108,1,1,1,KPP Alpha,Non-PKP,Menengah,0.3844,0.0377,2293459.0,Group B,25.94,23.73,0
WP-2026-00967,Orang Pribadi,Transportasi,50000000.0,0.0124,0.0957,1,0,0,KPP Gamma,Non-PKP,Menengah,0.3614,0.0728,0.0,Group B,12.07,10.06,0
WP-2026-00968,Badan,Manufaktur,50000000.0,0.1671,0.0101,2,2,0,KPP Alpha,Non-PKP,Mikro,0.0515,0.0025,2872840.0,Group A,93.94,91.71,1
WP-2026-00969,Badan,Manufaktur,50000000.0,-0.1278,0.0832,1,0,0,KPP Gamma,Non-PKP,Menengah,0.1939,0.0078,0.0,Group B,19.56,9.97,0
WP-2026-00970,Badan,Jasa,50000000.0,0.6834,0.1447,1,1,1,KPP Alpha,PKP,Mikro,0.2326,0.2376,1430453.0,Group B,20.98,27.13,0
WP-2026-00971,Badan,Jasa,50000000.0,0.1314,0.0695,3,3,0,KPP Epsilon,Non-PKP,Menengah,0.3949,0.0025,0.0,Group C,90.38,92.91,1
WP-2026-00972,Badan,Transportasi,50000000.0,0.1545,0.0376,0,2,0,KPP Alpha,PKP,Mikro,0.2851,0.0597,0.0,Group A,60.22,62.23,1
WP-2026-00973,Badan,Konstruksi,50000000.0,0.1431,0.1296,1,2,0,KPP Gamma,Non-PKP,Besar,0.1186,0.0019,214518.0,Group A,37.48,29.94,0
WP-2026-00974,Orang Pribadi,Manufaktur,50000000.0,0.4009,0.0813,2,0,0,KPP Alpha,PKP,Kecil,0.4438,0.0095,0.0,Group D,37.9,40.14,1
WP-2026-00975,Badan,Jasa,50000000.0,0.2643,0.0356,2,0,0,KPP Alpha,PKP,Menengah,0.3969,0.0247,0.0,Group B,54.26,59.02,0
WP-2026-00976,Badan,Perdagangan,50000000.0,0.2214,0.2477,2,0,0,KPP Alpha,Non-PKP,Mikro,0.0904,0.0214,0.0,Group A,26.21,26.85,0
WP-2026-00977,Badan,Perdagangan,50000000.0,0.3155,0.054,3,2,0,KPP Alpha,Non-PKP,Kecil,0.5808,0.0546,552376.0,Group C,96.15,95.53,0
WP-2026-00978,Badan,Perdagangan,50000000.0,-0.5039,0.0823,0,0,0,KPP Alpha,Non-PKP,Kecil,0.3041,0.0325,5196709.0,Group A,12.04,4.86,0
WP-2026-00979,Badan,Jasa,50000000.0,-0.4918,0.0955,1,0,0,KPP Gamma,Non-PKP,Menengah,0.3815,0.2069,608516.0,Group C,53.89,56.17,1
WP-2026-00980,Badan,Digital,50000000.0,0.0557,0.0585,0,2,0,KPP Delta,Non-PKP,Besar,0.2767,0.0505,185719.0,Group C,42.9,47.02,1
WP-2026-00981,Orang Pribadi,Manufaktur,50000000.0,0.0167,0.1972,1,0,0,KPP Alpha,PKP,Mikro,0.2805,0.0457,1182105.0,Group D,12.31,17.77,1
WP-2026-00982,Orang Pribadi,Perdagangan,50000000.0,0.2655,0.1118,2,3,0,KPP Gamma,Non-PKP,Mikro,0.3236,0.0531,0.0,Group D,60.38,62.45,0
WP-2026-00983,Orang Pribadi,Dagang,50000000.0,0.0864,0.1378,1,0,0,KPP Gamma,PKP,Kecil,0.3485,0.0653,0.0,Group A,29.75,14.37,0
WP-2026-00984,Badan,Jasa,50000000.0,0.2662,0.0543,0,1,1,KPP Beta,PKP,Kecil,0.4205,0.2603,0.0,Group C,56.71,54.42,1
WP-2026-00985,Badan,Transportasi,50000000.0,-0.3186,0.1213,1,2,0,KPP Beta,PKP,Besar,0.2933,0.115,3184474.0,Group A,46.33,42.74,0
WP-2026-00986,Orang Pribadi,Jasa,50000000.0,0.0766,0.2277,1,1,0,KPP Alpha,PKP,Besar,0.2547,0.1075,0.0,Group B,17.77,17.77,0
WP-2026-00987,Badan,Konstruksi,50000000.0,-0.3491,0.0797,1,1,0,KPP Beta,PKP,Besar,0.1623,0.0256,157574.0,Group B,27.39,26.57,0
WP-2026-00988,Badan,Transportasi,50000000.0,0.2038,0.063,1,1,1,KPP Gamma,Non-PKP,Mikro,0.0787,0.0084,1645441.0,Group A,35.61,30.9,0
WP-2026-00989,Badan,Perdagangan,50000000.0,-0.5211,0.0877,1,2,0,KPP Epsilon,PKP,Kecil,0.3724,0.0249,0.0,Group A,41.8,38.42,0
WP-2026-00990,Orang Pribadi,Manufaktur,50000000.0,0.1915,0.2303,2,2,0,KPP Epsilon,Non-PKP,Menengah,0.3402,0.2389,0.0,Group A,53.11,51.02,1
WP-2026-00991,Badan,Digital,50000000.0,-0.3901,0.1159,2,0,1,KPP Epsilon,PKP,Kecil,0.4271,0.0437,0.0,Group A,33.62,33.52,1
WP-2026-00992,Orang Pribadi,Jasa,50000000.0,-0.0427,0.0134,2,2,0,KPP Gamma,Non-PKP,Menengah,0.5117,0.0291,0.0,Group A,86.86,88.97,1
WP-2026-00993,Orang Pribadi,Perdagangan,50000000.0,0.3664,0.057,4,0,0,KPP Alpha,PKP,Kecil,0.1745,0.0326,0.0,Group D,55.5,52.96,0
WP-2026-00994,Badan,Digital,50000000.0,0.1528,0.0776,0,2,0,KPP Beta,PKP,Kecil,0.0578,0.0306,156471.0,Group B,15.13,14.63,0
WP-2026-00995,Orang Pribadi,Transportasi,50000000.0,-0.4466,0.1565,2,1,0,KPP Beta,Non-PKP,Besar,0.1703,0.0411,0.0,Group C,88.29,75.49,0
WP-2026-00996,Badan,Manufaktur,50000000.0,-0.1352,0.0772,0,1,0,KPP Alpha,PKP,Kecil,0.1383,0.0133,658566.0,Group C,45.49,39.19,0
WP-2026-00997,Badan,Manufaktur,50000000.0,-0.4004,0.1109,0,0,0,KPP Alpha,PKP,Besar,0.4923,0.201,0.0,Group C,52.67,56.71,1
WP-2026-00998,Badan,Perdagangan,50000000.0,-0.4623,0.1171,0,2,0,KPP Gamma,PKP,Kecil,0.2191,0.0227,483374.0,Group B,26.23,33.25,0
WP-2026-00999,Orang Pribadi,Transportasi,50000000.0,0.1177,0.039,1,3,0,KPP Beta,PKP,Mikro,0.7286,0.0472,1196013.0,Group C,94.78,97.17,1
WP-2026-01000,Badan,perdagangan,50000000.0,0.2593,0.0325,2,0,0,KPP Alpha,PKP,Kecil,0.2736,0.0143,663404.0,Group C,86.69,93.19,1
WP-2026-01001,Badan,Perdagangan,50000000.0,0.221,0.0732,1,2,0,KPP Delta,PKP,Mikro,0.3313,0.0158,0.0,Group C,68.55,71.3,1
WP-2026-01002,Badan,,50000000.0,0.2728,0.0265,1,1,0,KPP Beta,PKP,Menengah,0.3767,0.0298,746939.0,Group D,52.3,58.12,1
WP-2026-01003,Badan,Digital,50000000.0,0.0762,0.0731,0,1,0,KPP Delta,Non-PKP,Mikro,0.039,0.3744,1313941.0,Group B,23.53,25.5,0
WP-2026-01004,Badan,Transportasi,53806822.0,-0.0075,0.0742,2,0,0,KPP Beta,PKP,Menengah,0.0124,0.0365,6773731.0,Group B,7.64,9.53,0
WP-2026-01005,Badan,Perdagangan,50000000.0,-0.2634,0.0244,1,1,0,KPP Gamma,PKP,Besar,0.1248,0.0146,0.0,Group D,43.45,42.57,0
WP-2026-01006,Badan,Perdagangan,50000000.0,-0.0608,0.1502,0,1,0,KPP Alpha,Non-PKP,Kecil,0.304,0.119,1533440.0,Group B,15.72,16.96,0
WP-2026-01007,Orang Pribadi,Digital,50000000.0,-0.3428,0.0309,0,0,1,KPP Gamma,Non-PKP,Mikro,0.2069,0.1231,0.0,Group C,85.14,90.55,1
WP-2026-01008,Badan,Digital,50000000.0,-0.1905,0.175,3,0,0,KPP Alpha,Non-PKP,Kecil,0.1576,0.1007,0.0,Group A,57.04,49.75,0
WP-2026-01009,Orang Pribadi,Manufaktur,50000000.0,0.1085,0.2894,3,1,0,KPP Alpha,Non-PKP,Menengah,0.403,0.0176,67670.0,Group A,65.63,63.21,1
WP-2026-01010,Badan,Manufaktur,50000000.0,0.0423,0.0521,2,0,1,KPP Delta,Non-PKP,Menengah,0.157,0.0184,0.0,Group B,33.91,37.18,0
WP-2026-01011,Badan,Jasa,50000000.0,1.0607,0.0583,1,1,0,KPP Beta,Non-PKP,Mikro,0.0547,0.1272,0.0,Group A,12.69,18.01,1
WP-2026-01012,Badan,Jasa,50000000.0,-0.3507,0.0509,2,0,1,KPP Alpha,PKP,Menengah,0.1916,0.1461,0.0,Group D,43.94,52.75,0
WP-2026-01013,Badan,Perdagangan,50000000.0,0.04,0.1566,1,2,0,KPP Epsilon,PKP,Kecil,0.1152,0.0123,0.0,Group A,15.54,24.78,0
WP-2026-01014,Orang Pribadi,Perdagangan,50000000.0,-0.3756,0.1165,2,0,0,KPP Alpha,PKP,Kecil,0.2712,0.0092,0.0,Group C,68.32,62.04,1
WP-2026-01015,Badan,Perdagangan,50000000.0,-0.0441,,0,0,0,KPP Gamma,PKP,Mikro,0.1179,0.0789,0.0,Group A,18.6,12.95,1
WP-2026-01016,Badan,,50000000.0,-0.0311,0.2108,3,0,0,KPP Gamma,PKP,Besar,0.4486,0.0281,0.0,Group D,39.91,43.41,0
WP-2026-01017,Badan,Perdagangan,550000000.0,0.3504,0.0734,1,1,0,KPP Beta,PKP,Mikro,0.3848,0.0918,0.0,Group B,26.63,18.43,0
WP-2026-01018,Orang Pribadi,Perdagangan,50000000.0,-0.0639,0.0522,2,0,0,KPP Gamma,PKP,Kecil,0.1153,0.0805,1715790.0,Group A,27.97,24.27,1
WP-2026-01019,Badan,Manufaktur,50000000.0,0.0188,0.1124,0,1,0,KPP Alpha,Non-PKP,Mikro,0.0753,0.1218,0.0,Group A,11.71,10.49,0
WP-2026-01020,Badan,Perdagangan,50000000.0,-0.0577,0.0595,1,0,1,KPP Delta,PKP,Menengah,0.2793,0.0552,0.0,Group B,24.57,19.39,1
WP-2026-01021,Orang Pribadi,Perdagangan,50000000.0,-0.3683,0.0266,0,0,0,KPP Beta,Non-PKP,Kecil,0.0889,0.091,694635.0,Group D,79.12,75.41,1
WP-2026-01022,Orang Pribadi,Manufaktur,50000000.0,-0.1287,,0,1,0,KPP Alpha,Non-PKP,Kecil,0.256,0.0742,1454046.0,Group D,56.83,55.91,0
WP-2026-01023,Orang Pribadi,Jasa,50000000.0,-0.0422,0.0323,1,0,0,KPP Beta,Non-PKP,Kecil,0.0645,0.0756,1096701.0,Group A,52.89,54.33,0
WP-2026-01024,Badan,Manufaktur,50000000.0,0.1036,0.0213,3,0,0,KPP Epsilon,PKP,Menengah,0.3078,0.0478,0.0,Group B,62.82,63.46,1
WP-2026-01025,Badan,Digital,50000000.0,0.2589,0.1166,1,1,1,KPP Delta,Non-PKP,Kecil,0.4564,0.0221,0.0,Group A,55.68,65.32,0
WP-2026-01026,Badan,Perdagangan,50000000.0,0.0049,0.0488,1,1,0,KPP Epsilon,PKP,Besar,0.2169,0.0858,0.0,Group B,10.0,14.8,0
WP-2026-01027,Orang Pribadi,perdagangan,50000000.0,-0.0007,0.0519,0,1,0,KPP Delta,PKP,Kecil,0.0965,0.1755,2420202.0,Group B,20.95,10.15,0
WP-2026-01028,Badan,Digital,50000000.0,-0.4707,0.0398,0,2,0,KPP Delta,PKP,Kecil,0.0724,0.0472,2282355.0,Group A,69.98,74.94,1
WP-2026-01029,Orang Pribadi,Transportasi,50000000.0,0.2527,0.1021,1,0,0,KPP Gamma,PKP,Besar,0.3008,0.1082,0.0,Group B,0.0,9.94,0
WP-2026-01030,Badan,Manufaktur,50000000.0,-0.1427,0.131,0,1,0,KPP Epsilon,Non-PKP,Menengah,0.0454,0.1101,0.0,Group D,26.39,20.97,0
WP-2026-01031,Badan,Manufaktur,50000000.0,0.3191,0.1461,1,0,0,KPP Gamma,Non-PKP,Kecil,0.1689,0.0488,2926567.0,Group A,12.06,10.57,0
WP-2026-01032,Badan,Manufaktur,50000000.0,0.5013,0.1812,1,1,0,KPP Beta,PKP,Besar,0.0606,0.1222,434788.0,Group A,38.69,36.86,0
WP-2026-01033,Badan,Konstruksi,50000000.0,0.0199,0.2013,1,0,0,KPP Delta,Non-PKP,Menengah,0.0424,0.0334,909357.0,Group A,26.61,27.55,1
WP-2026-01034,Orang Pribadi,Perdagangan,50000000.0,-0.2475,0.0387,0,1,0,KPP Gamma,PKP,Kecil,0.0086,0.0637,0.0,Group A,69.66,64.2,1
WP-2026-01035,Badan,Digital,50000000.0,0.0747,0.1514,2,1,0,KPP Alpha,Non-PKP,Menengah,0.3066,0.1358,2201926.0,Group A,29.4,20.23,0
WP-2026-01036,Badan,Manufaktur,50000000.0,0.1916,,1,1,0,KPP Beta,Non-PKP,Menengah,0.095,0.0352,0.0,Group B,12.14,15.27,0
WP-2026-01037,Badan,Konstruksi,50000000.0,-0.021,0.1043,0,1,0,KPP Beta,PKP,Kecil,0.1849,0.0939,0.0,Group A,19.81,16.01,0
WP-2026-01038,Badan,Jasa,50000000.0,-0.1005,0.0776,1,0,1,KPP Delta,Non-PKP,Menengah,0.3047,0.0774,0.0,Group C,49.63,42.92,1
WP-2026-01039,Badan,Perdagangan,50000000.0,0.2603,0.0178,2,1,0,KPP Beta,Non-PKP,Kecil,0.2568,0.0355,0.0,Group D,68.65,72.12,1
WP-2026-01040,Badan,Manufaktur,50000000.0,0.2392,0.2382,2,1,0,KPP Delta,PKP,Mikro,0.3191,0.0263,0.0,Group D,65.17,56.12,0
WP-2026-01041,Badan,Manufaktur,50000000.0,-0.0308,0.2183,2,0,1,KPP Gamma,Non-PKP,Besar,0.173,0.0579,0.0,Group C,80.22,73.53,1
WP-2026-01042,Badan,Jasa,50000000.0,-0.4493,0.0693,2,0,0,KPP Delta,PKP,Menengah,0.2668,0.0304,0.0,Group A,26.24,33.69,0
WP-2026-01043,Badan,Jasa,50000000.0,0.226,0.2912,3,0,0,KPP Alpha,PKP,Menengah,0.5207,0.0993,0.0,Group A,47.48,37.91,0
WP-2026-01044,Badan,Perdagangan,62661344.0,-0.1655,,0,0,1,KPP Epsilon,PKP,Menengah,0.4327,0.0149,0.0,Group A,7.66,14.8,1
WP-2026-01045,Badan,Manufaktur,50000000.0,0.1486,0.1486,1,0,0,KPP Gamma,PKP,Menengah,0.2912,0.0817,1034682.0,Group D,17.07,21.2,1
WP-2026-01046,Badan,Jasa,50000000.0,0.1284,0.1707,2,0,0,KPP Beta,PKP,Kecil,0.0934,0.0151,1039083.0,Group D,31.57,27.47,0
WP-2026-01047,Badan,Digital,50000000.0,-0.5245,0.181,0,2,0,KPP Beta,PKP,Besar,0.3003,0.0072,0.0,Group B,35.37,29.12,0
WP-2026-01048,Orang Pribadi,Perdagangan,50000000.0,0.1059,0.1722,2,0,0,KPP Beta,Non-PKP,Menengah,0.1981,0.115,659726.0,Group A,32.85,32.25,0
WP-2026-01049,Orang Pribadi,perdagangan,50000000.0,0.2447,0.1907,0,0,0,KPP Beta,PKP,Menengah,0.148,0.0096,0.0,Group B,8.31,12.09,0
WP-2026-01050,Badan,Jasa,50000000.0,0.2839,0.0592,0,0,0,KPP Delta,Non-PKP,Kecil,0.1406,0.3165,0.0,Group A,11.29,12.85,0
WP-2026-01051,Badan,Manufaktur,50000000.0,0.1176,0.1016,2,1,0,KPP Epsilon,PKP,Kecil,0.2955,0.0583,0.0,Group D,23.77,26.04,1
WP-2026-01052,Badan,Manufaktur,50000000.0,-0.5527,0.3343,2,2,0,KPP Delta,PKP,Mikro,0.1887,0.1122,2589212.0,Group A,77.59,72.54,1
WP-2026-01053,Badan,Manufaktur,50000000.0,0.4887,0.2026,0,0,0,KPP Gamma,Non-PKP,Kecil,0.33,0.1101,0.0,Group A,8.86,11.29,0
WP-2026-01054,Badan,Digital,50000000.0,0.2115,,0,0,0,KPP Gamma,PKP,Mikro,0.1683,0.0725,1534525.0,Group B,2.69,6.6,1
WP-2026-01055,Badan,Jasa,50000000.0,-0.3051,0.0179,0,0,0,KPP Delta,PKP,Menengah,0.3856,0.009,839794.0,Group A,50.25,59.12,1
WP-2026-01056,Badan,Konstruksi,50000000.0,-0.1721,,3,1,0,KPP Delta,Non-PKP,Besar,0.0909,0.0182,0.0,Group B,48.02,51.58,1
WP-2026-01057,Orang Pribadi,,500000000.0,0.154,0.0534,3,0,0,KPP Beta,PKP,Kecil,0.3394,0.1395,338276.0,Group C,58.68,59.39,1
WP-2026-01058,Badan,Perdagangan,50000000.0,0.2975,0.2081,0,0,0,KPP Epsilon,PKP,Kecil,0.3466,0.0926,0.0,Group A,7.34,14.13,1
WP-2026-01059,Badan,Jasa,50000000.0,-0.0761,0.1017,2,1,0,KPP Beta,PKP,Menengah,0.4853,0.2372,1242349.0,Group B,37.71,48.18,0
WP-2026-01060,Badan,Perdagangan,50000000.0,0.3442,0.1051,1,1,1,KPP Delta,PKP,Mikro,0.1438,0.0614,765620.0,Group B,43.66,37.78,0
WP-2026-01061,Orang Pribadi,Manufaktur,50000000.0,-0.4937,0.1121,1,0,0,KPP Epsilon,Non-PKP,Besar,0.3901,0.1393,0.0,Group A,16.44,22.44,0
WP-2026-01062,Badan,Konstruksi,50000000.0,-0.2536,0.145,2,1,0,KPP Delta,PKP,Kecil,0.4094,0.0641,0.0,Group A,23.29,31.14,1
WP-2026-01063,Badan,Konstruksi,50000000.0,-0.5806,0.0499,1,0,1,KPP Alpha,PKP,Mikro,0.1767,0.0718,723114.0,Group A,63.36,53.94,1
WP-2026-01064,Badan,Manufaktur,50000000.0,-0.2072,0.0603,1,1,0,KPP Gamma,PKP,Mikro,0.1583,0.1439,0.0,Group A,35.39,30.3,0
WP-2026-01065,Badan,Manufaktur,105902552.0,0.5626,,2,0,1,KPP Alpha,PKP,Besar,0.3262,0.0148,156637.0,Group A,29.47,23.32,1
WP-2026-01066,Orang Pribadi,Jasa,50000000.0,0.7385,0.127,2,0,0,KPP Delta,PKP,Kecil,0.1775,0.1066,0.0,Group C,62.56,59.53,0
WP-2026-01067,Badan,Perdagangan,50000000.0,0.1551,0.0614,1,1,0,KPP Beta,Non-PKP,Menengah,0.5594,0.0864,0.0,Group C,87.79,79.92,1
WP-2026-01068,Badan,Perdagangan,50000000.0,-0.1243,0.3202,2,2,0,KPP Delta,Non-PKP,Mikro,0.1304,0.0404,0.0,Group D,72.62,67.32,1
WP-2026-01069,Badan,,50000000.0,0.0091,0.0857,2,1,0,KPP Epsilon,PKP,Kecil,0.3638,0.0285,0.0,Group B,22.41,24.47,0
WP-2026-01070,Badan,Digital,50000000.0,0.2315,0.016,3,1,0,KPP Alpha,Non-PKP,Besar,0.0902,0.0302,53436.0,Group C,89.01,95.4,1
WP-2026-01071,Orang Pribadi,Perdagangan,50000000.0,-0.4202,0.1446,4,0,0,KPP Beta,Non-PKP,Mikro,0.2955,0.234,0.0,Group C,79.75,87.44,1
WP-2026-01072,Badan,,50000000.0,-0.1032,0.187,0,0,1,KPP Delta,PKP,Mikro,0.2681,0.0515,0.0,Group A,27.57,28.41,0
WP-2026-01073,Badan,Konstruksi,50000000.0,0.5392,0.1629,2,1,1,KPP Gamma,PKP,Menengah,0.3269,0.1384,0.0,Group A,50.88,57.48,1
WP-2026-01074,Orang Pribadi,Transportasi,50000000.0,-0.2546,0.0871,1,0,0,KPP Alpha,PKP,Besar,0.2295,0.0559,0.0,Group B,13.49,18.27,0
WP-2026-01075,Orang Pribadi,Manufaktur,50000000.0,-0.1597,0.0908,0,1,0,KPP Alpha,PKP,Kecil,0.4336,0.0637,0.0,Group C,50.81,51.72,1
WP-2026-01076,Badan,Manufaktur,50000000.0,0.0842,0.0654,1,0,1,KPP Gamma,PKP,Mikro,0.4904,0.028,0.0,Group B,22.48,14.09,0
WP-2026-01077,Badan,Konstruksi,50000000.0,0.1706,0.2487,1,0,1,KPP Delta,PKP,Besar,0.0815,0.0561,0.0,Group A,24.56,33.62,1
WP-2026-01078,Badan,Transportasi,50000000.0,-0.12,0.0822,2,3,1,KPP Gamma,Non-PKP,Menengah,0.3947,0.0521,0.0,Group D,71.61,71.44,1
WP-2026-01079,Badan,Perdagangan,50000000.0,0.1046,0.1217,2,0,0,KPP Alpha,PKP,Besar,0.048,0.132,335288.0,Group A,19.12,26.63,0
WP-2026-01080,Badan,Digital,50000000.0,0.2745,0.1532,0,0,1,KPP Gamma,PKP,Menengah,0.0876,0.0518,0.0,Group D,13.8,17.14,0
WP-2026-01081,Badan,Perdagangan,50000000.0,0.7077,0.0896,1,1,0,KPP Beta,Non-PKP,Menengah,0.1258,0.1826,1583242.0,Group C,64.85,59.27,0
WP-2026-01082,Orang Pribadi,Transportasi,50000000.0,0.0396,0.0868,1,1,0,KPP Beta,PKP,Kecil,0.1621,0.0886,0.0,Group C,40.75,45.84,0
WP-2026-01083,Orang Pribadi,Perdagangan,50000000.0,0.0668,0.1609,1,1,0,KPP Delta,PKP,Kecil,0.2797,0.1413,3490573.0,Group C,83.3,84.88,1
WP-2026-01084,Orang Pribadi,Perdagangan,50000000.0,0.5688,0.0435,0,0,0,KPP Beta,PKP,Menengah,0.1475,0.1933,0.0,Group A,63.46,62.61,1
WP-2026-01085,Orang Pribadi,Perdagangan,50000000.0,-0.0957,0.0627,0,1,1,KPP Gamma,PKP,Menengah,0.1846,0.058,0.0,Group B,34.23,30.03,0
WP-2026-01086,Orang Pribadi,Jasa,50000000.0,-0.3438,0.0963,1,1,0,KPP Epsilon,PKP,Besar,0.4233,0.2526,268589.0,Group C,51.92,55.21,1
WP-2026-01087,Orang Pribadi,Jasa,50000000.0,0.1601,0.0184,1,1,0,KPP Gamma,PKP,Menengah,0.3133,0.1258,594236.0,Group C,90.09,82.53,0
WP-2026-01088,Orang Pribadi,Perdagangan,50000000.0,0.4244,0.1173,0,0,0,KPP Delta,Non-PKP,Kecil,0.2561,0.0498,0.0,Group A,9.24,11.91,0
WP-2026-01089,Badan,Jasa,50000000.0,0.1955,0.1165,2,0,0,KPP Alpha,Non-PKP,Kecil,0.2633,0.0972,550392.0,Group A,25.51,22.6,0
WP-2026-01090,Badan,Jasa,50000000.0,0.049,0.1934,0,0,0,KPP Alpha,Non-PKP,Menengah,0.0879,0.2216,0.0,Group A,3.97,5.11,0
WP-2026-01091,Badan,perdagangan,50000000.0,-0.3835,0.2095,0,1,0,KPP Alpha,Non-PKP,Kecil,0.2235,0.126,0.0,Group B,25.02,20.58,0
WP-2026-01092,Badan,Transportasi,50000000.0,0.0613,0.0627,1,0,0,KPP Delta,PKP,Menengah,0.0323,0.0743,1391490.0,Group B,35.21,23.04,0
WP-2026-01093,Badan,Manufaktur,50000000.0,0.4746,0.0529,1,0,0,KPP Delta,PKP,Menengah,0.0196,0.0781,1607154.0,Group C,26.32,27.98,0
WP-2026-01094,Badan,Perdagangan,50000000.0,-0.3149,0.0803,0,3,0,KPP Alpha,PKP,Mikro,0.2619,0.1031,0.0,Group C,60.67,60.77,1
WP-2026-01095,Badan,Jasa,50000000.0,0.0017,0.1788,1,1,0,KPP Alpha,PKP,Menengah,0.216,0.128,2734791.0,Group C,60.09,62.68,0
WP-2026-01096,Badan,Digital,50000000.0,-0.044,0.0453,1,1,0,KPP Beta,PKP,Menengah,0.0084,0.0723,3591435.0,Group A,22.87,26.39,0
WP-2026-01097,Badan,Perdagangan,50000000.0,-0.1433,0.1069,1,3,1,KPP Gamma,PKP,Besar,0.1286,0.1314,0.0,Group B,39.06,43.25,0
WP-2026-01098,Orang Pribadi,Jasa,50000000.0,0.1593,0.0317,1,0,1,KPP Delta,PKP,Kecil,0.3335,0.0959,0.0,Group A,75.97,76.08,1
WP-2026-01099,Orang Pribadi,Digital,50000000.0,0.2219,0.0206,0,0,0,KPP Delta,PKP,Menengah,0.4571,0.1799,0.0,Group A,39.97,44.63,1
WP-2026-01100,Badan,Digital,50000000.0,0.2185,0.0338,1,0,0,KPP Epsilon,PKP,Kecil,0.304,0.1234,0.0,Group A,50.62,55.1,1
WP-2026-01101,Badan,Jasa,50000000.0,-0.2326,0.1199,0,0,0,KPP Beta,PKP,Menengah,0.3066,0.1576,0.0,Group A,0.0,7.94,0
WP-2026-01102,Badan,Konstruksi,50000000.0,-0.4467,0.0617,0,1,0,KPP Delta,Non-PKP,Mikro,0.2257,0.0504,0.0,Group A,32.41,24.1,1
WP-2026-01103,Orang Pribadi,Jasa,50000000.0,0.164,0.0528,1,2,0,KPP Gamma,PKP,Besar,0.2687,0.0795,0.0,Group B,44.16,34.29,1
WP-2026-01104,Orang Pribadi,Konstruksi,50000000.0,-0.0819,0.0517,3,0,1,KPP Beta,Non-PKP,Besar,0.0454,0.0456,0.0,Group A,48.57,44.67,0
WP-2026-01105,Badan,Perdagangan,50000000.0,0.6683,0.1361,3,0,1,KPP Epsilon,PKP,Menengah,0.3103,0.0023,0.0,Group A,51.04,56.28,1
WP-2026-01106,Orang Pribadi,Perdagangan,50000000.0,0.683,0.1344,3,0,0,KPP Alpha,PKP,Menengah,0.1699,0.0985,0.0,Group A,30.32,37.9,1
WP-2026-01107,Badan,Manufaktur,50000000.0,0.717,0.1101,4,2,0,KPP Delta,Non-PKP,Mikro,0.3818,0.0308,1979568.0,Group B,71.21,80.59,1
WP-2026-01108,Badan,Perdagangan,50000000.0,-0.2208,0.0498,1,1,1,KPP Delta,Non-PKP,Menengah,0.4729,0.0676,0.0,Group B,41.65,37.81,1
WP-2026-01109,Orang Pribadi,Konstruksi,50000000.0,0.2622,0.0194,1,3,0,KPP Epsilon,Non-PKP,Kecil,0.2672,0.0787,0.0,Group A,98.23,90.64,1
WP-2026-01110,Badan,Jasa,50000000.0,0.3587,0.0059,0,0,1,KPP Gamma,Non-PKP,Menengah,0.4934,0.107,0.0,Group A,62.13,61.13,1
WP-2026-01111,Badan,Transportasi,50000000.0,0.3227,0.158,4,1,1,KPP Beta,PKP,Mikro,0.3072,0.0172,0.0,Group D,79.71,74.56,1
WP-2026-01112,Badan,Transportasi,50000000.0,-0.0334,0.0497,0,0,1,KPP Delta,Non-PKP,Menengah,0.0592,0.0491,0.0,Group B,18.92,16.25,0
WP-2026-01113,Badan,Manufaktur,50000000.0,0.4893,0.1682,1,1,0,KPP Delta,Non-PKP,Kecil,0.3331,0.0365,346329.0,Group C,51.19,55.82,1
WP-2026-01114,Orang Pribadi,Konstruksi,50000000.0,0.0802,0.2464,1,0,0,KPP Gamma,Non-PKP,Menengah,0.1962,0.0195,6225058.0,Group B,17.99,11.93,0
WP-2026-01115,Orang Pribadi,Perdagangan,50000000.0,0.121,0.1279,0,0,0,KPP Delta,Non-PKP,Menengah,0.4306,0.1168,4382190.0,Group C,46.39,40.71,1
WP-2026-01116,Badan,Manufaktur,50000000.0,-0.4121,0.0554,2,3,1,KPP Beta,Non-PKP,Kecil,0.0461,0.0644,0.0,Group D,61.72,67.67,1
WP-2026-01117,Badan,Perdagangan,50000000.0,0.2863,0.156,2,0,0,KPP Gamma,PKP,Kecil,0.036,0.2262,434876.0,Group B,26.65,21.81,0
WP-2026-01118,Orang Pribadi,Transportasi,50000000.0,-0.0033,0.0182,2,2,0,KPP Epsilon,PKP,Menengah,0.1157,0.0657,0.0,Group C,91.51,92.4,1
WP-2026-01119,Badan,Dagang,50000000.0,0.2287,0.0882,1,2,0,KPP Beta,PKP,Menengah,0.0648,0.0921,0.0,Group A,34.33,35.9,0
WP-2026-01120,Orang Pribadi,Digital,50000000.0,0.1552,0.091,0,1,0,KPP Gamma,PKP,Mikro,0.3867,0.0794,0.0,Group B,18.94,16.6,0
WP-2026-01121,Badan,Transportasi,50000000.0,0.1379,0.0215,1,2,0,KPP Epsilon,PKP,Kecil,0.3695,0.1477,1535362.0,Group B,83.06,80.9,1
WP-2026-01122,Badan,Digital,50000000.0,0.0654,0.0559,1,1,1,KPP Delta,Non-PKP,Kecil,0.1359,0.0603,0.0,Group A,39.94,34.61,0
WP-2026-01123,Orang Pribadi,Perdagangan,50000000.0,0.3317,0.1496,2,0,0,KPP Epsilon,PKP,Menengah,0.3778,0.0279,5791500.0,Group D,16.54,21.64,0
WP-2026-01124,Badan,Digital,50000000.0,0.0164,0.0347,2,2,0,KPP Beta,PKP,Menengah,0.0606,0.0323,0.0,Group C,94.51,91.12,1
WP-2026-01125,Badan,Manufaktur,50000000.0,-0.3857,0.1475,3,1,0,KPP Epsilon,PKP,Mikro,0.4851,0.0352,1660644.0,Group A,53.48,60.44,0
WP-2026-01126,Badan,Jasa,500000000.0,0.2621,0.0786,2,0,0,KPP Alpha,PKP,Menengah,0.3503,0.0322,0.0,Group D,34.99,36.07,0
WP-2026-01127,Badan,Manufaktur,50000000.0,-0.1789,0.0442,3,1,1,KPP Gamma,PKP,Menengah,0.4342,0.2597,0.0,Group A,92.54,93.21,1
WP-2026-01128,Badan,Jasa,50000000.0,-0.3438,0.036,2,1,1,KPP Gamma,PKP,Menengah,0.2095,0.125,0.0,Group B,91.93,86.11,1
WP-2026-01129,Badan,Jasa,50000000.0,-0.2471,0.1114,2,2,1,KPP Delta,PKP,Mikro,0.0357,0.0398,1689715.0,Group C,87.75,87.69,1
WP-2026-01130,Orang Pribadi,Perdagangan,50000000.0,0.1707,0.0594,1,2,0,KPP Epsilon,PKP,Kecil,0.2197,0.0406,0.0,Group A,32.75,34.32,1
WP-2026-01131,Orang Pribadi,Perdagangan,50000000.0,0.0491,0.0542,1,1,1,KPP Delta,PKP,Kecil,0.1516,0.0375,0.0,Group B,53.14,44.58,1
WP-2026-01132,Badan,Dagang,50000000.0,-0.6025,0.1121,1,0,0,KPP Delta,PKP,Mikro,0.2344,0.0812,0.0,Group C,75.61,78.19,0
WP-2026-01133,Badan,Transportasi,50000000.0,-0.0428,0.1413,2,0,0,KPP Gamma,PKP,Kecil,0.3384,0.2004,0.0,Group A,29.79,32.62,1
WP-2026-01134,Orang Pribadi,Manufaktur,50000000.0,0.4542,0.0455,2,2,0,KPP Gamma,Non-PKP,Mikro,0.4784,0.1308,0.0,Group B,39.78,51.04,0
WP-2026-01135,Orang Pribadi,Manufaktur,50000000.0,-0.0644,0.0496,4,0,0,KPP Gamma,Non-PKP,Mikro,0.1263,0.1397,0.0,Group A,52.89,54.19,1
WP-2026-01136,Badan,Jasa,50000000.0,0.027,0.0741,0,0,0,KPP Alpha,Non-PKP,Menengah,0.3786,0.0929,0.0,Group C,19.62,25.26,0
WP-2026-01137,Badan,Jasa,50000000.0,0.4138,0.2338,0,0,0,KPP Gamma,PKP,Kecil,0.0812,0.0086,4613652.0,Group A,6.85,8.35,0
WP-2026-01138,Badan,Perdagangan,50000000.0,0.3346,0.0876,1,0,0,KPP Delta,PKP,Menengah,0.1976,0.0457,0.0,Group A,19.33,17.89,1
WP-2026-01139,Badan,Transportasi,50000000.0,0.407,0.097,1,0,0,KPP Delta,PKP,Mikro,0.3054,0.1062,2788657.0,Group C,42.58,49.09,1
WP-2026-01140,Badan,Perdagangan,50000000.0,-0.8072,0.2184,0,1,0,KPP Delta,PKP,Menengah,0.0197,0.2495,1168069.0,Group A,28.82,33.76,1
WP-2026-01141,Badan,Konstruksi,50000000.0,0.6347,0.0444,1,1,0,KPP Beta,PKP,Kecil,0.5984,0.2885,319875.0,Group B,71.38,80.97,1
WP-2026-01142,Orang Pribadi,Konstruksi,50000000.0,0.2836,0.2433,0,2,1,KPP Gamma,PKP,Menengah,0.4007,0.2306,0.0,Group C,62.9,65.96,0
WP-2026-01143,Orang Pribadi,Manufaktur,50000000.0,0.8677,0.0684,3,0,0,KPP Alpha,PKP,Menengah,0.21,0.019,0.0,Group C,65.51,71.17,1
WP-2026-01144,Orang Pribadi,Transportasi,50000000.0,-0.1703,,1,1,0,KPP Beta,PKP,Kecil,0.2754,0.0057,0.0,Group A,27.46,14.59,0
WP-2026-01145,Badan,Jasa,50000000.0,-0.4843,0.0775,1,1,0,KPP Gamma,PKP,Menengah,0.3209,0.0746,422773.0,Group C,76.92,67.89,0
WP-2026-01146,Badan,Transportasi,50000000.0,0.0823,0.0886,1,1,0,KPP Beta,PKP,Kecil,0.1392,0.1254,0.0,Group C,56.47,48.42,1
WP-2026-01147,Orang Pribadi,Konstruksi,50000000.0,-0.0081,0.1101,4,2,0,KPP Alpha,Non-PKP,Menengah,0.0468,0.0372,0.0,Group A,50.26,58.02,1
WP-2026-01148,Orang Pribadi,Konstruksi,50000000.0,0.2892,0.1508,0,1,0,KPP Delta,PKP,Mikro,0.3628,0.0975,16371040.0,Group C,51.42,52.49,1
WP-2026-01149,Badan,Konstruksi,50000000.0,0.424,0.0196,0,0,0,KPP Gamma,PKP,Kecil,0.344,0.219,1024390.0,Group C,75.52,82.74,1
WP-2026-01150,Orang Pribadi,Transportasi,50000000.0,0.0521,0.1302,2,0,0,KPP Gamma,PKP,Kecil,0.1277,0.141,0.0,Group B,27.72,16.66,1
WP-2026-01151,Badan,Digital,50000000.0,0.003,0.14,1,0,0,KPP Beta,PKP,Besar,0.1646,0.1606,0.0,Group B,23.61,18.62,0
WP-2026-01152,Orang Pribadi,Jasa,50000000.0,0.2473,0.1947,1,0,0,KPP Gamma,PKP,Kecil,0.2325,0.0663,0.0,Group C,41.06,47.38,1
WP-2026-01153,Badan,Transportasi,50000000.0,-0.002,0.0789,0,1,0,KPP Gamma,PKP,Menengah,0.3314,0.0714,393091.0,Group D,35.02,32.81,0
WP-2026-01154,Badan,Konstruksi,50000000.0,-0.0288,0.3152,0,1,1,KPP Gamma,PKP,Kecil,0.2677,0.0907,620456.0,Group B,10.35,19.25,0
WP-2026-01155,Badan,Jasa,50000000.0,0.4119,0.0217,1,1,0,KPP Gamma,PKP,Kecil,0.0198,0.0278,0.0,Group C,85.83,86.65,1
WP-2026-01156,Badan,Digital,50000000.0,0.4831,,1,0,0,KPP Alpha,PKP,Kecil,0.1231,0.1298,3136763.0,Group C,78.76,79.81,1
WP-2026-01157,Badan,Jasa,50000000.0,0.4269,0.1847,1,3,0,KPP Epsilon,Non-PKP,Besar,0.2178,0.2034,0.0,Group C,79.75,75.31,1
WP-2026-01158,Badan,Manufaktur,50000000.0,0.0262,0.0548,1,3,0,KPP Alpha,PKP,Menengah,0.1599,0.0089,0.0,Group D,50.6,44.67,0
WP-2026-01159,Badan,Perdagangan,50000000.0,-0.6047,0.1556,0,0,0,KPP Gamma,PKP,Mikro,0.3335,0.0108,0.0,Group A,21.78,21.66,0
WP-2026-01160,Orang Pribadi,Perdagangan,50000000.0,0.0326,0.0933,3,0,0,KPP Alpha,Non-PKP,Menengah,0.368,0.1104,0.0,Group A,32.82,34.17,0
WP-2026-01161,Badan,Transportasi,50000000.0,-0.1626,0.2029,0,1,0,KPP Gamma,PKP,Kecil,0.5426,0.0214,0.0,Group B,0.0,14.2,0
WP-2026-01162,Badan,Jasa,50000000.0,0.0385,0.326,0,0,0,KPP Beta,Non-PKP,Mikro,0.1559,0.054,0.0,Group B,15.62,6.25,0
WP-2026-01163,Orang Pribadi,Jasa,50000000.0,-0.1347,0.0858,0,2,0,KPP Epsilon,PKP,Menengah,0.3218,0.2393,0.0,Group B,4.04,7.99,0
WP-2026-01164,Badan,Perdagangan,50000000.0,0.0734,0.0527,1,1,1,KPP Beta,Non-PKP,Mikro,0.2774,0.0517,0.0,Group C,73.31,72.69,0
WP-2026-01165,Badan,Manufaktur,50000000.0,-0.2526,0.1039,0,1,0,KPP Delta,PKP,Kecil,0.3447,0.1694,452805.0,Group D,29.88,16.33,0
WP-2026-01166,Orang Pribadi,Transportasi,50000000.0,-0.3298,0.0256,0,0,0,KPP Beta,PKP,Menengah,0.2926,0.0805,4950237.0,Group B,35.93,43.09,1
WP-2026-01167,Orang Pribadi,perdagangan,50000000.0,0.4713,0.1434,0,1,0,KPP Alpha,Non-PKP,Kecil,0.1486,0.0922,138355.0,Group C,36.44,36.31,0
WP-2026-01168,Badan,Perdagangan,50000000.0,-0.2303,0.045,1,2,0,KPP Gamma,PKP,Besar,0.0497,0.1154,588103.0,Group A,86.87,83.89,1
WP-2026-01169,Orang Pribadi,Manufaktur,50000000.0,0.0801,0.047,1,0,0,KPP Gamma,PKP,Menengah,0.0889,0.1197,1174992.0,Group B,23.48,16.93,0
WP-2026-01170,Badan,Jasa,50000000.0,0.3854,0.1115,2,0,0,KPP Gamma,Non-PKP,Menengah,0.033,0.0327,0.0,Group A,23.09,23.08,1
WP-2026-01171,Badan,Manufaktur,50000000.0,0.3726,0.06,0,0,1,KPP Epsilon,Non-PKP,Menengah,0.3698,0.1241,982393.0,Group B,23.93,16.87,1
WP-2026-01172,Orang Pribadi,Jasa,50000000.0,0.3344,0.0639,2,2,0,KPP Delta,PKP,Besar,0.5056,0.0071,0.0,Group B,34.5,36.99,0
WP-2026-01173,Badan,Jasa,50000000.0,0.1769,0.0498,0,0,0,KPP Epsilon,PKP,Kecil,0.3507,0.0889,0.0,Group C,57.18,53.92,0
WP-2026-01174,Orang Pribadi,Jasa,50000000.0,0.3117,0.0185,0,3,0,KPP Beta,PKP,Menengah,0.1117,0.0336,258608.0,Group B,62.02,59.54,1
WP-2026-01175,Badan,Manufaktur,50000000.0,0.5194,0.0889,0,1,1,KPP Delta,Non-PKP,Menengah,0.3615,0.2414,0.0,Group A,20.49,21.03,0
WP-2026-01176,Orang Pribadi,Manufaktur,50000000.0,0.216,0.0236,2,1,0,KPP Gamma,PKP,Besar,0.2756,0.0721,0.0,Group A,70.95,69.01,1
WP-2026-01177,Badan,Jasa,50000000.0,-0.5079,0.2027,0,1,1,KPP Delta,PKP,Mikro,0.4042,0.0221,682977.0,Group A,29.65,34.89,0
WP-2026-01178,Badan,Transportasi,50000000.0,-0.0891,,0,1,0,KPP Epsilon,PKP,Menengah,0.5582,0.0773,0.0,Group D,13.44,15.23,0
WP-2026-01179,Badan,Konstruksi,50000000.0,0.3028,0.08,0,1,0,KPP Delta,PKP,Menengah,0.1763,0.1113,0.0,Group D,5.82,13.54,0
WP-2026-01180,Badan,,50000000.0,-0.1207,0.161,1,1,1,KPP Epsilon,PKP,Kecil,0.0759,0.0555,141931.0,Group A,15.02,17.67,0
WP-2026-01181,Orang Pribadi,Transportasi,50000000.0,0.5984,0.048,6,2,0,KPP Delta,PKP,Besar,0.2198,0.161,157309.0,Group A,98.52,91.69,1
WP-2026-01182,Badan,Transportasi,50000000.0,0.0598,0.0816,0,0,0,KPP Alpha,PKP,Kecil,0.2079,0.0434,1140893.0,Group B,15.18,12.65,0
WP-2026-01183,Badan,Perdagangan,50000000.0,0.1073,0.0888,0,0,0,KPP Delta,PKP,Mikro,0.1549,0.1097,0.0,Group C,30.22,28.37,0
WP-2026-01184,Badan,Manufaktur,50000000.0,0.4399,0.0414,2,0,1,KPP Gamma,PKP,Menengah,0.1904,0.0604,538841.0,Group A,74.89,84.48,1
WP-2026-01185,Badan,Jasa,50000000.0,0.0215,0.0107,3,1,1,KPP Epsilon,PKP,Kecil,0.3281,0.2431,1841163.0,Group A,76.05,74.13,1
WP-2026-01186,Orang Pribadi,Konstruksi,50000000.0,0.1364,0.1173,0,0,0,KPP Delta,PKP,Mikro,0.0429,0.0752,331797.0,Group B,7.51,7.89,0
WP-2026-01187,Badan,Perdagangan,50000000.0,0.3677,0.0933,1,0,1,KPP Alpha,Non-PKP,Mikro,0.2098,0.2019,0.0,Group A,36.25,33.02,0
WP-2026-01188,Orang Pribadi,Konstruksi,50000000.0,-0.3911,0.1165,1,0,0,KPP Alpha,PKP,Kecil,0.3387,0.0131,0.0,Group A,27.16,18.87,0
WP-2026-01189,Badan,Perdagangan,50000000.0,-0.0113,0.129,0,0,0,KPP Alpha,PKP,Menengah,0.4834,0.0911,0.0,Group A,13.25,15.7,0
WP-2026-01190,Badan,Manufaktur,50000000.0,0.3453,0.0753,1,1,0,KPP Gamma,PKP,Besar,0.2251,0.0086,3674349.0,Group B,7.25,9.14,0
WP-2026-01191,Badan,Digital,50000000.0,0.101,,2,2,0,KPP Alpha,Non-PKP,Menengah,0.1817,0.1424,0.0,Group B,37.53,32.03,0
WP-2026-01192,Badan,Jasa,50000000.0,0.5495,0.03,1,2,0,KPP Delta,PKP,Mikro,0.1532,0.1129,0.0,Group A,76.36,79.99,1
WP-2026-01193,Orang Pribadi,,50000000.0,-0.4243,0.1601,0,0,1,KPP Gamma,Non-PKP,Menengah,0.0139,0.1081,0.0,Group B,21.86,21.34,0
WP-2026-01194,Orang Pribadi,Digital,50000000.0,-0.4608,0.0994,4,1,0,KPP Delta,PKP,Besar,0.0626,0.049,0.0,Group B,61.45,73.43,1
WP-2026-01195,Orang Pribadi,Transportasi,50000000.0,0.3263,0.0811,1,1,1,KPP Beta,PKP,Menengah,0.3848,0.0082,0.0,Group C,62.96,64.81,0
WP-2026-01196,Badan,Perdagangan,50000000.0,0.3571,0.146,5,0,0,KPP Gamma,PKP,Kecil,0.3271,0.1874,300781.0,Group D,68.99,61.16,1
WP-2026-01197,Badan,Transportasi,50000000.0,0.0182,0.0782,2,1,0,KPP Alpha,PKP,Mikro,0.0979,0.0119,0.0,Group A,25.7,23.69,0
WP-2026-01198,Badan,Perdagangan,50000000.0,0.2081,0.1994,2,0,1,KPP Epsilon,Non-PKP,Besar,0.2436,0.0626,0.0,Group D,71.07,65.67,0
WP-2026-01199,Badan,perdagangan,50000000.0,0.3185,0.2586,2,1,0,KPP Alpha,PKP,Besar,0.1909,0.2024,0.0,Group C,56.12,50.39,1
WP-2026-01200,Orang Pribadi,Transportasi,50000000.0,-0.1804,0.0857,0,0,0,KPP Alpha,Non-PKP,Mikro,0.0104,0.0707,0.0,Group C,30.83,22.73,0
WP-2026-01201,Badan,Konstruksi,50000000.0,-0.1462,0.0687,1,0,1,KPP Alpha,Non-PKP,Menengah,0.207,0.0267,0.0,Group A,27.86,29.94,0
WP-2026-01202,Badan,Manufaktur,50000000.0,0.1407,0.0399,1,2,0,KPP Delta,Non-PKP,Mikro,0.3561,0.0994,0.0,Group A,78.62,72.96,0
WP-2026-01203,Orang Pribadi,Jasa,50000000.0,0.3693,0.1431,0,3,0,KPP Alpha,PKP,Mikro,0.2982,0.0769,0.0,Group A,55.21,41.72,0
WP-2026-01204,Badan,Transportasi,50000000.0,-0.2931,0.0458,0,2,0,KPP Delta,Non-PKP,Menengah,0.5111,0.0242,0.0,Group D,61.91,62.06,1
WP-2026-01205,Badan,Konstruksi,50000000.0,0.0167,0.051,4,0,0,KPP Delta,PKP,Menengah,0.1827,0.2051,1282099.0,Group B,44.24,52.16,1
WP-2026-01206,Badan,Jasa,50000000.0,0.0018,0.0944,0,0,0,KPP Delta,PKP,Kecil,0.2756,0.0695,0.0,Group B,6.16,9.72,0
WP-2026-01207,Badan,Transportasi,50000000.0,0.2137,0.108,0,2,0,KPP Alpha,PKP,Besar,0.2236,0.0933,0.0,Group B,10.63,7.82,0
WP-2026-01208,Badan,Perdagangan,50000000.0,0.0772,0.0515,1,3,1,KPP Alpha,Non-PKP,Menengah,0.187,0.046,0.0,Group A,54.72,64.69,0
WP-2026-01209,Badan,Perdagangan,50000000.0,-0.0947,0.2497,3,0,0,KPP Gamma,Non-PKP,Mikro,0.0945,0.0789,0.0,Group A,15.59,20.16,0
WP-2026-01210,Badan,,50000000.0,0.4795,0.0956,3,1,1,KPP Alpha,PKP,Menengah,0.2033,0.0443,0.0,Group B,38.56,40.54,1
WP-2026-01211,Orang Pribadi,Digital,50000000.0,-0.0926,0.1043,1,0,1,KPP Delta,Non-PKP,Menengah,0.3193,0.0677,0.0,Group B,26.28,25.62,1
WP-2026-01212,Orang Pribadi,Perdagangan,50000000.0,-0.0135,0.065,3,0,0,KPP Beta,PKP,Menengah,0.4794,0.1549,0.0,Group C,87.91,77.13,1
WP-2026-01213,Badan,Perdagangan,138047309.0,-0.4293,,2,0,1,KPP Gamma,Non-PKP,Besar,0.2428,0.245,654969.0,Group B,79.02,74.89,1
WP-2026-01214,Badan,Perdagangan,50000000.0,-0.1484,0.1015,0,0,0,KPP Alpha,PKP,Menengah,0.5511,0.0407,0.0,Group B,5.91,12.59,0
WP-2026-01215,Badan,Transportasi,50000000.0,0.2451,0.1172,2,0,0,KPP Gamma,PKP,Mikro,0.2218,0.0868,1864149.0,Group C,62.16,38.96,1
WP-2026-01216,Badan,Perdagangan,50000000.0,0.1826,0.2498,1,1,1,KPP Alpha,PKP,Kecil,0.2941,0.0838,0.0,Group A,30.75,30.85,0
WP-2026-01217,Badan,Manufaktur,50000000.0,0.2718,0.0283,1,1,1,KPP Delta,Non-PKP,Menengah,0.165,0.0756,1321259.0,Group C,82.46,92.54,1
WP-2026-01218,Badan,Digital,50000000.0,0.2563,0.0594,1,3,0,KPP Alpha,Non-PKP,Besar,0.1263,0.024,1673660.0,Group C,58.93,65.16,1
WP-2026-01219,Badan,Perdagangan,50000000.0,0.7481,0.1436,1,1,0,KPP Epsilon,PKP,Mikro,0.516,0.0054,0.0,Group A,22.26,28.45,0
WP-2026-01220,Badan,Manufaktur,50000000.0,-0.1593,0.165,1,0,0,KPP Delta,PKP,Mikro,0.2175,0.0365,0.0,Group A,15.05,23.14,0
WP-2026-01221,Badan,Manufaktur,50000000.0,-0.4382,0.107,2,1,1,KPP Alpha,PKP,Menengah,0.0973,0.1142,0.0,Group A,66.62,63.54,1
WP-2026-01222,Badan,Transportasi,50000000.0,-0.2562,0.1365,3,0,0,KPP Alpha,Non-PKP,Mikro,0.5662,0.2011,0.0,Group A,45.61,61.61,0
WP-2026-01223,Orang Pribadi,Jasa,50000000.0,-0.1452,0.0786,2,1,0,KPP Beta,PKP,Mikro,0.2151,0.0062,729900.0,Group B,36.86,30.97,1
WP-2026-01224,Badan,Jasa,50000000.0,-0.2318,0.2015,3,1,0,KPP Alpha,PKP,Besar,0.1892,0.1022,0.0,Group A,55.54,50.65,0
WP-2026-01225,Badan,Perdagangan,50000000.0,0.11,0.1187,1,0,0,KPP Alpha,PKP,Menengah,0.0481,0.0282,1103936.0,Group B,8.41,11.15,0
WP-2026-01226,Orang Pribadi,Konstruksi,50000000.0,0.4808,0.1113,0,0,0,KPP Epsilon,PKP,Besar,0.3625,0.2396,896604.0,Group A,20.46,14.96,0
WP-2026-01227,Badan,Konstruksi,50000000.0,0.5727,0.1256,2,1,0,KPP Delta,Non-PKP,Menengah,0.4162,0.0527,0.0,Group A,29.04,35.59,0
WP-2026-01228,Badan,Perdagangan,50000000.0,0.2414,0.1525,1,1,0,KPP Alpha,PKP,Kecil,0.3854,0.1437,0.0,Group A,17.06,22.12,0
WP-2026-01229,Orang Pribadi,Jasa,50000000.0,0.7652,0.0322,5,0,0,KPP Gamma,PKP,Besar,0.3008,0.0629,723591.0,Group A,97.76,94.47,1
WP-2026-01230,Badan,Transportasi,50000000.0,-0.034,0.1132,2,1,0,KPP Beta,PKP,Kecil,0.1931,0.1242,0.0,Group D,46.25,47.51,1
WP-2026-01231,Badan,Perdagangan,50000000.0,-0.4424,0.1739,2,0,0,KPP Epsilon,PKP,Kecil,0.2388,0.0663,1485509.0,Group A,26.96,30.71,0
WP-2026-01232,Badan,Jasa,50000000.0,0.417,0.036,1,1,0,KPP Alpha,PKP,Besar,0.18,0.0387,0.0,Group A,68.9,69.58,0
WP-2026-01233,Badan,Manufaktur,86275541.0,-0.5084,0.2178,3,0,0,KPP Delta,PKP,Menengah,0.2493,0.0029,0.0,Group A,46.08,38.16,0
WP-2026-01234,Badan,Jasa,50000000.0,-0.1616,0.1144,0,0,0,KPP Delta,Non-PKP,Besar,0.3162,0.099,0.0,Group A,17.2,9.52,0
WP-2026-01235,Badan,Perdagangan,50000000.0,0.2464,0.0621,0,3,0,KPP Alpha,PKP,Mikro,0.2806,0.2352,0.0,Group B,24.03,21.47,0
WP-2026-01236,Badan,Jasa,50000000.0,0.0472,0.0816,0,3,0,KPP Alpha,PKP,Besar,0.3264,0.0375,0.0,Group C,52.18,54.31,0
WP-2026-01237,Badan,Perdagangan,50000000.0,0.0189,0.0974,0,0,0,KPP Beta,PKP,Menengah,0.0816,0.1107,809136.0,Group A,18.07,14.94,1
WP-2026-01238,Badan,perdagangan,50000000.0,-0.2979,,1,2,1,KPP Epsilon,PKP,Menengah,0.0429,0.0412,0.0,Group B,83.49,88.67,1
WP-2026-01239,Badan,Konstruksi,50000000.0,0.0765,0.0278,0,2,1,KPP Gamma,PKP,Besar,0.4049,0.0334,1930358.0,Group B,82.59,75.57,1
WP-2026-01240,Badan,Manufaktur,50000000.0,0.4012,0.0638,1,1,0,KPP Delta,Non-PKP,Kecil,0.4981,0.0159,1005440.0,Group C,67.63,61.93,1
WP-2026-01241,Orang Pribadi,Perdagangan,50000000.0,0.0864,0.0269,0,4,0,KPP Delta,PKP,Menengah,0.2978,0.1038,74561.0,Group B,92.31,80.72,1
WP-2026-01242,Badan,Transportasi,50000000.0,-0.1857,0.0845,3,1,0,KPP Delta,Non-PKP,Menengah,0.2173,0.1186,774413.0,Group A,67.85,72.66,1
WP-2026-01243,Badan,Perdagangan,50000000.0,-0.3192,0.0869,1,0,0,KPP Gamma,PKP,Menengah,0.2909,0.1362,1969137.0,Group C,34.26,39.82,1
WP-2026-01244,Badan,Konstruksi,50000000.0,-0.1791,0.0525,2,1,0,KPP Gamma,PKP,Besar,0.3631,0.0478,0.0,Group C,65.62,62.31,0
WP-2026-01245,Badan,Jasa,50000000.0,0.2055,0.0942,2,1,1,KPP Delta,PKP,Menengah,0.3755,0.1914,0.0,Group B,47.04,48.68,0
WP-2026-01246,Badan,Konstruksi,50000000.0,0.19,0.1801,0,0,0,KPP Beta,Non-PKP,Mikro,0.1534,0.0054,0.0,Group D,26.46,20.46,0
WP-2026-01247,Badan,Dagang,50000000.0,-0.1762,0.0887,2,0,1,KPP Delta,PKP,Kecil,0.185,0.0126,0.0,Group C,78.08,70.18,1
WP-2026-01248,Badan,Perdagangan,50000000.0,-0.6274,0.1286,0,0,0,KPP Alpha,Non-PKP,Besar,0.2346,0.0765,4597896.0,Group A,23.14,12.93,0
WP-2026-01249,Orang Pribadi,perdagangan,50000000.0,0.2144,,1,0,0,KPP Alpha,PKP,Besar,0.4906,0.0058,0.0,Group C,30.39,30.04,0
WP-2026-01250,Orang Pribadi,Perdagangan,550000000.0,-0.2073,0.2071,2,0,0,KPP Delta,PKP,Besar,0.4223,0.0432,236774.0,Group B,33.68,28.4,0
WP-2026-01251,Badan,Perdagangan,50000000.0,0.3005,0.148,1,1,0,KPP Beta,PKP,Mikro,0.263,0.1214,0.0,Group B,23.95,27.05,0
WP-2026-01252,Badan,Konstruksi,50000000.0,-0.162,0.0797,1,1,1,KPP Alpha,PKP,Kecil,0.201,0.0296,1602081.0,Group B,45.28,43.97,0
WP-2026-01253,Badan,Transportasi,50000000.0,-0.2361,0.2255,0,4,0,KPP Alpha,PKP,Menengah,0.0997,0.1532,0.0,Group C,73.49,73.81,1
WP-2026-01254,Badan,,50000000.0,0.129,0.0807,2,0,0,KPP Gamma,PKP,Menengah,0.4098,0.0661,0.0,Group B,17.45,18.09,0
WP-2026-01255,Badan,Transportasi,50000000.0,0.8345,0.0768,0,1,1,KPP Delta,PKP,Mikro,0.0483,0.052,781689.0,Group B,32.16,21.22,0
WP-2026-01256,Orang Pribadi,Konstruksi,50000000.0,0.3197,0.0106,2,2,0,KPP Alpha,PKP,Menengah,0.576,0.0161,0.0,Group A,75.12,83.17,1
WP-2026-01257,Orang Pribadi,Transportasi,50000000.0,0.1236,0.1206,2,1,0,KPP Alpha,Non-PKP,Mikro,0.3096,0.0604,732705.0,Group B,39.16,39.19,0
WP-2026-01258,Orang Pribadi,Konstruksi,50000000.0,0.1948,0.0482,3,1,0,KPP Gamma,Non-PKP,Kecil,0.3972,0.0642,0.0,Group D,40.55,40.23,0
WP-2026-01259,Badan,Konstruksi,50000000.0,-0.4804,0.2027,3,1,0,KPP Epsilon,PKP,Kecil,0.4428,0.1223,397933.0,Group C,89.81,85.95,0
WP-2026-01260,Orang Pribadi,Manufaktur,50000000.0,-0.2791,0.0984,1,0,1,KPP Beta,PKP,Mikro,0.5277,0.2916,0.0,Group A,35.17,41.75,1
WP-2026-01261,Badan,,50000000.0,-0.7235,0.0336,1,2,0,KPP Epsilon,PKP,Mikro,0.1903,0.1179,454409.0,Group D,86.48,88.27,1
WP-2026-01262,Badan,Digital,50000000.0,0.6336,0.0644,1,0,0,KPP Epsilon,PKP,Besar,0.2238,0.0338,0.0,Group C,41.33,44.9,1
WP-2026-01263,Badan,Perdagangan,50000000.0,0.5688,0.217,2,0,0,KPP Beta,PKP,Menengah,0.422,0.1549,0.0,Group B,10.55,24.06,0
WP-2026-01264,Orang Pribadi,Jasa,53744240.0,0.2057,0.1689,3,2,0,KPP Delta,PKP,Besar,0.3221,0.0634,0.0,Group A,69.92,62.95,0
WP-2026-01265,Badan,Perdagangan,50000000.0,0.1232,0.3376,2,0,0,KPP Delta,PKP,Kecil,0.3037,0.1017,0.0,Group B,26.55,35.37,0
WP-2026-01266,Orang Pribadi,Digital,50000000.0,-0.4165,0.004,1,1,0,KPP Gamma,PKP,Kecil,0.0804,0.0371,447549.0,Group A,77.5,87.12,1
WP-2026-01267,Badan,Jasa,50000000.0,0.0098,0.0352,1,0,0,KPP Gamma,PKP,Kecil,0.2752,0.0887,0.0,Group A,47.84,42.16,1
WP-2026-01268,Orang Pribadi,Konstruksi,50000000.0,0.6536,,1,1,0,KPP Delta,PKP,Menengah,0.041,0.1212,4831574.0,Group B,10.59,12.59,0
WP-2026-01269,Badan,Dagang,50000000.0,0.1221,0.1439,0,1,0,KPP Delta,PKP,Kecil,0.0497,0.0253,0.0,Group D,8.14,9.95,0
WP-2026-01270,Badan,Digital,50000000.0,-0.1007,0.0377,0,1,0,KPP Delta,PKP,Menengah,0.3814,0.0041,0.0,Group A,36.01,37.7,1
WP-2026-01271,Orang Pribadi,Perdagangan,50000000.0,-0.4826,0.0081,0,0,0,KPP Epsilon,Non-PKP,Menengah,0.2562,0.0804,0.0,Group C,78.41,71.96,1
WP-2026-01272,Badan,Konstruksi,50000000.0,0.5217,0.1079,2,1,0,KPP Gamma,PKP,Besar,0.2991,0.1308,0.0,Group D,25.0,28.31,0
WP-2026-01273,Badan,Transportasi,50000000.0,0.0576,0.0638,1,1,0,KPP Delta,PKP,Kecil,0.3088,0.0835,1324558.0,Group A,26.16,22.58,0
WP-2026-01274,Badan,Perdagangan,50000000.0,-0.4822,0.0414,2,1,1,KPP Epsilon,Non-PKP,Menengah,0.5145,0.0523,919283.0,Group A,85.65,92.5,1
WP-2026-01275,Badan,Konstruksi,50000000.0,-0.2158,0.0516,0,0,0,KPP Alpha,PKP,Kecil,0.2097,0.1814,0.0,Group C,49.86,47.88,1
WP-2026-01276,Badan,Jasa,50000000.0,-0.3288,0.0495,2,1,0,KPP Alpha,PKP,Mikro,0.1568,0.0746,1020794.0,Group C,68.54,63.12,1
WP-2026-01277,Badan,Manufaktur,50000000.0,0.0378,0.098,0,2,0,KPP Gamma,Non-PKP,Menengah,0.4119,0.0058,0.0,Group B,24.33,15.9,0
WP-2026-01278,Badan,Manufaktur,50000000.0,0.1463,0.1387,4,1,0,KPP Delta,PKP,Menengah,0.0755,0.0865,0.0,Group B,72.05,81.35,1
WP-2026-01279,Orang Pribadi,Perdagangan,50000000.0,-0.081,0.1107,1,2,0,KPP Beta,Non-PKP,Menengah,0.3028,0.1266,6247865.0,Group B,33.27,35.05,0
WP-2026-01280,Badan,Perdagangan,50000000.0,0.3287,0.1344,0,0,0,KPP Delta,Non-PKP,Mikro,0.171,0.1459,0.0,Group C,49.94,40.35,0
WP-2026-01281,Badan,Perdagangan,50000000.0,0.1052,0.1125,1,0,0,KPP Alpha,Non-PKP,Besar,0.1373,0.0491,642694.0,Group C,50.28,44.74,0
WP-2026-01282,Badan,Perdagangan,50000000.0,0.4199,0.0599,2,1,1,KPP Beta,PKP,Besar,0.2704,0.0886,0.0,Group A,43.81,45.01,1
WP-2026-01283,Badan,Manufaktur,50000000.0,-0.0343,0.0506,0,1,0,KPP Delta,PKP,Kecil,0.1965,0.0288,0.0,Group A,36.32,36.29,1
WP-2026-01284,Badan,Jasa,50000000.0,1.0545,0.0529,2,2,0,KPP Alpha,PKP,Besar,0.097,0.19,8932208.0,Group A,40.9,39.12,0
WP-2026-01285,Orang Pribadi,Perdagangan,50000000.0,-0.1006,0.0406,1,0,0,KPP Epsilon,PKP,Kecil,0.1011,0.0115,0.0,Group D,59.48,61.72,1
WP-2026-01286,Orang Pribadi,Konstruksi,50000000.0,-0.2091,0.0328,1,1,0,KPP Alpha,Non-PKP,Menengah,0.2249,0.0651,0.0,Group D,64.27,60.98,1
WP-2026-01287,Badan,Konstruksi,50000000.0,-0.2484,0.0347,1,3,0,KPP Epsilon,PKP,Besar,0.622,0.1003,0.0,Group C,100.0,97.6,1
WP-2026-01288,Badan,Manufaktur,50000000.0,0.0125,0.0388,0,2,1,KPP Alpha,Non-PKP,Menengah,0.1638,0.0067,702142.0,Group A,62.91,69.6,1
WP-2026-01289,Badan,Digital,50000000.0,-0.4703,0.1868,0,0,0,KPP Epsilon,PKP,Menengah,0.2601,0.0489,0.0,Group B,10.56,13.5,0
WP-2026-01290,Badan,Jasa,50000000.0,0.1743,0.1011,0,0,0,KPP Delta,PKP,Kecil,0.2734,0.1021,0.0,Group A,5.1,7.82,0
WP-2026-01291,Badan,Transportasi,50000000.0,-0.5297,0.1104,2,1,0,KPP Alpha,Non-PKP,Menengah,0.138,0.0886,0.0,Group A,39.11,40.65,0
WP-2026-01292,Badan,Perdagangan,50000000.0,0.1317,0.0437,0,0,1,KPP Alpha,PKP,Menengah,0.4122,0.1621,357006.0,Group A,53.2,51.58,0
WP-2026-01293,Badan,Konstruksi,50000000.0,-0.3524,0.0358,1,1,0,KPP Alpha,PKP,Mikro,0.2273,0.0578,352937.0,Group C,88.04,86.95,1
WP-2026-01294,Badan,Digital,50000000.0,-0.042,0.0229,1,3,0,KPP Gamma,PKP,Mikro,0.2395,0.1763,900134.0,Group A,72.63,76.95,1
WP-2026-01295,Badan,Transportasi,50000000.0,0.2735,0.0728,2,1,0,KPP Delta,PKP,Menengah,0.3772,0.1121,0.0,Group B,39.75,31.71,0
WP-2026-01296,Badan,Manufaktur,86785732.0,0.8173,0.0893,6,3,1,KPP Gamma,PKP,Menengah,0.2308,0.0961,0.0,Group D,96.41,96.38,1
WP-2026-01297,Badan,Manufaktur,50000000.0,-0.265,0.1632,0,0,1,KPP Gamma,PKP,Menengah,0.5535,0.0588,831052.0,Group C,78.12,69.34,0
WP-2026-01298,Badan,Jasa,50000000.0,0.0319,0.0372,2,0,0,KPP Gamma,Non-PKP,Besar,0.2878,0.101,0.0,Group A,67.69,59.05,1
WP-2026-01299,Orang Pribadi,Konstruksi,50000000.0,-0.1516,0.0769,0,0,0,KPP Gamma,Non-PKP,Menengah,0.3557,0.0058,0.0,Group D,5.29,11.64,0
WP-2026-01300,Badan,Konstruksi,50000000.0,-0.1984,0.0541,0,0,1,KPP Delta,Non-PKP,Kecil,0.5863,0.1348,582969.0,Group B,31.05,33.99,0
WP-2026-01301,Badan,Digital,50000000.0,-0.1488,0.1167,1,0,0,KPP Gamma,Non-PKP,Kecil,0.571,0.0845,0.0,Group B,15.55,18.05,0
WP-2026-01302,Badan,Manufaktur,50000000.0,0.3437,0.1706,0,0,0,KPP Delta,PKP,Menengah,0.0311,0.041,0.0,Group B,13.23,11.35,0
WP-2026-01303,Orang Pribadi,Dagang,50000000.0,-0.0762,0.1944,0,3,0,KPP Epsilon,Non-PKP,Menengah,0.2682,0.0201,0.0,Group C,82.14,77.78,1
WP-2026-01304,Badan,Manufaktur,50000000.0,0.7998,0.0656,1,0,0,KPP Beta,Non-PKP,Menengah,0.2727,0.1093,0.0,Group B,15.45,14.57,0
WP-2026-01305,Orang Pribadi,Perdagangan,50000000.0,0.2131,0.0328,0,0,1,KPP Alpha,PKP,Menengah,0.0112,0.0657,701476.0,Group B,31.49,34.79,1
WP-2026-01306,Orang Pribadi,Perdagangan,50000000.0,-0.2432,0.0988,1,1,0,KPP Alpha,PKP,Menengah,0.0671,0.1133,0.0,Group B,51.32,41.41,1
WP-2026-01307,Badan,Jasa,50000000.0,-0.0373,,0,1,0,KPP Gamma,Non-PKP,Menengah,0.0873,0.3697,0.0,Group A,23.65,26.28,0
WP-2026-01308,Badan,Konstruksi,50000000.0,-0.1766,0.2818,1,0,0,KPP Beta,Non-PKP,Menengah,0.0781,0.0302,0.0,Group C,63.88,59.43,0
WP-2026-01309,Badan,Perdagangan,50000000.0,0.336,0.0715,0,0,0,KPP Epsilon,Non-PKP,Mikro,0.2708,0.2296,0.0,Group A,11.67,11.9,1
WP-2026-01310,Orang Pribadi,Perdagangan,50000000.0,-0.4444,0.2409,2,1,0,KPP Delta,PKP,Menengah,0.2173,0.0289,943393.0,Group B,34.44,34.83,0
WP-2026-01311,Badan,Perdagangan,50000000.0,-0.3491,0.0548,0,1,0,KPP Gamma,Non-PKP,Menengah,0.3447,0.0995,3968491.0,Group B,17.61,13.57,0
WP-2026-01312,Orang Pribadi,Transportasi,50000000.0,-0.1093,0.1082,1,0,0,KPP Delta,PKP,Mikro,0.238,0.0724,0.0,Group A,36.92,27.66,0
WP-2026-01313,Badan,Konstruksi,50000000.0,0.2985,0.1554,3,0,1,KPP Beta,Non-PKP,Menengah,0.1506,0.0991,0.0,Group B,65.29,63.46,1
WP-2026-01314,Badan,Perdagangan,50000000.0,0.4746,0.0729,0,2,0,KPP Delta,PKP,Menengah,0.3111,0.184,0.0,Group B,14.17,17.1,1
WP-2026-01315,Badan,Perdagangan,50000000.0,0.5218,0.0151,3,2,0,KPP Alpha,Non-PKP,Menengah,0.2715,0.0744,0.0,Group A,84.15,75.27,1
WP-2026-01316,Badan,Manufaktur,50000000.0,0.2495,0.0386,0,2,1,KPP Delta,Non-PKP,Menengah,0.196,0.0387,173661.0,Group A,82.49,79.52,0
WP-2026-01317,Badan,Jasa,50000000.0,0.0535,0.015,0,0,0,KPP Epsilon,PKP,Kecil,0.4057,0.065,4120955.0,Group C,62.15,61.13,1
WP-2026-01318,Badan,perdagangan,50000000.0,0.3343,0.0377,2,1,0,KPP Delta,Non-PKP,Kecil,0.1813,0.1027,0.0,Group D,86.77,80.6,1
WP-2026-01319,Orang Pribadi,Jasa,50000000.0,-0.2862,0.0231,1,0,0,KPP Delta,Non-PKP,Kecil,0.2077,0.0353,2887369.0,Group B,59.26,57.33,1
WP-2026-01320,Orang Pribadi,Digital,50000000.0,-0.5103,0.1328,2,0,1,KPP Beta,PKP,Kecil,0.234,0.0128,617195.0,Group A,62.65,47.91,0
WP-2026-01321,Badan,Jasa,50000000.0,0.2197,0.1506,3,0,0,KPP Delta,PKP,Menengah,0.2194,0.0625,1791693.0,Group A,29.86,29.84,0
WP-2026-01322,Badan,Konstruksi,50000000.0,-0.2418,0.0293,0,1,0,KPP Gamma,Non-PKP,Besar,0.3696,0.0535,536344.0,Group A,73.04,66.14,1
WP-2026-01323,Badan,Perdagangan,50000000.0,0.0591,0.1192,0,1,0,KPP Delta,PKP,Menengah,0.1572,0.0536,999636.0,Group B,17.35,14.7,0
WP-2026-01324,Orang Pribadi,Digital,50000000.0,0.1183,0.0421,0,0,1,KPP Alpha,PKP,Mikro,0.3711,0.0183,0.0,Group D,34.69,32.06,0
WP-2026-01325,Badan,Digital,50000000.0,0.1594,0.0405,2,1,1,KPP Alpha,PKP,Kecil,0.2205,0.1068,0.0,Group C,94.41,96.58,1
WP-2026-01326,Orang Pribadi,Konstruksi,50000000.0,0.3801,0.1671,3,0,0,KPP Gamma,PKP,Mikro,0.4566,0.0701,404151.0,Group A,33.3,35.44,0
WP-2026-01327,Badan,Jasa,50000000.0,0.3463,0.2447,0,2,0,KPP Alpha,PKP,Menengah,0.0692,0.037,0.0,Group D,14.64,11.66,0
WP-2026-01328,Badan,Perdagangan,50000000.0,0.1424,0.0468,4,0,0,KPP Delta,Non-PKP,Kecil,0.3839,0.0094,895054.0,Group B,37.64,42.85,0
WP-2026-01329,Badan,Transportasi,50000000.0,-0.0614,0.0931,1,0,0,KPP Delta,PKP,Menengah,0.3665,0.1719,0.0,Group A,18.07,21.52,1
WP-2026-01330,Badan,Konstruksi,50000000.0,0.1145,0.0273,1,1,0,KPP Epsilon,PKP,Menengah,0.1704,0.0132,0.0,Group B,61.69,61.6,0
WP-2026-01331,Orang Pribadi,Perdagangan,50000000.0,-0.1108,0.14,0,2,1,KPP Alpha,PKP,Menengah,0.0707,0.0448,626826.0,Group A,44.27,36.83,0
WP-2026-01332,Badan,Jasa,50000000.0,0.0171,0.0507,0,3,0,KPP Epsilon,Non-PKP,Kecil,0.2039,0.0385,0.0,Group D,31.08,30.6,1
WP-2026-01333,Badan,Jasa,50000000.0,0.9178,0.0807,2,0,1,KPP Alpha,PKP,Kecil,0.3461,0.0235,0.0,Group A,20.55,20.16,1
WP-2026-01334,Orang Pribadi,Transportasi,50000000.0,0.1383,0.1428,1,1,0,KPP Gamma,Non-PKP,Menengah,0.1943,0.0624,0.0,Group B,0.0,5.99,0
WP-2026-01335,Orang Pribadi,Konstruksi,50000000.0,0.2241,0.0343,1,0,1,KPP Delta,Non-PKP,Menengah,0.1041,0.0599,2338103.0,Group B,80.63,70.45,1
WP-2026-01336,Orang Pribadi,Manufaktur,50000000.0,-0.1458,0.105,2,1,0,KPP Alpha,Non-PKP,Mikro,0.2427,0.0787,0.0,Group D,52.77,46.13,0
WP-2026-01337,Badan,Manufaktur,70407534.0,0.4064,0.1594,2,0,0,KPP Alpha,PKP,Besar,0.3964,0.0956,273595.0,Group B,28.82,21.5,0
WP-2026-01338,Badan,Perdagangan,50000000.0,0.3233,0.0399,1,1,1,KPP Alpha,PKP,Menengah,0.0479,0.2057,0.0,Group B,71.86,80.57,0
WP-2026-01339,Orang Pribadi,Jasa,50000000.0,0.3256,0.0824,2,1,0,KPP Gamma,PKP,Kecil,0.1447,0.1546,5126582.0,Group A,26.34,24.23,0
WP-2026-01340,Badan,Perdagangan,50000000.0,0.1488,0.0252,1,3,1,KPP Delta,PKP,Kecil,0.2591,0.0263,0.0,Group D,84.99,90.62,1
WP-2026-01341,Badan,Konstruksi,50000000.0,0.4109,0.0644,1,1,0,KPP Alpha,PKP,Kecil,0.1133,0.0792,1508293.0,Group B,18.54,13.91,0
WP-2026-01342,Orang Pribadi,Jasa,50000000.0,0.4869,0.0903,1,1,1,KPP Alpha,PKP,Kecil,0.2435,0.0169,0.0,Group A,35.76,33.83,0
WP-2026-01343,Badan,Jasa,50000000.0,0.1706,0.0676,0,0,1,KPP Gamma,PKP,Kecil,0.6593,0.0631,0.0,Group C,49.3,46.19,1
WP-2026-01344,Badan,Perdagangan,50000000.0,0.0433,0.0984,0,1,0,KPP Beta,PKP,Menengah,0.7108,0.0508,0.0,Group A,43.77,48.07,1
WP-2026-01345,Orang Pribadi,Perdagangan,650000000.0,0.3663,0.1342,1,0,0,KPP Delta,PKP,Kecil,0.3349,0.0118,2597036.0,Group A,10.36,16.59,1
WP-2026-01346,Badan,Manufaktur,50000000.0,-0.2093,0.0687,0,0,0,KPP Epsilon,PKP,Besar,0.2342,0.0544,2313846.0,Group B,12.8,16.64,0
WP-2026-01347,Badan,Perdagangan,50000000.0,-0.1497,0.1426,1,0,0,KPP Delta,PKP,Besar,0.4747,0.1392,0.0,Group A,20.17,18.32,0
WP-2026-01348,Badan,Perdagangan,50000000.0,0.0629,0.0948,2,2,0,KPP Epsilon,PKP,Kecil,0.2441,0.0962,0.0,Group B,53.99,55.44,0
WP-2026-01349,Badan,Konstruksi,50000000.0,-0.4772,0.1215,0,2,0,KPP Gamma,PKP,Mikro,0.2655,0.0469,1892302.0,Group A,44.26,42.74,1
WP-2026-01350,Badan,Jasa,50000000.0,0.3448,0.0454,0,1,0,KPP Delta,PKP,Menengah,0.0201,0.2556,0.0,Group A,9.23,15.37,1
WP-2026-01351,Orang Pribadi,Jasa,50000000.0,-0.2281,0.1379,2,0,0,KPP Alpha,Non-PKP,Besar,0.4399,0.1625,709801.0,Group A,32.04,32.08,0
WP-2026-01352,Orang Pribadi,Jasa,50000000.0,-0.0709,0.1578,1,2,0,KPP Alpha,Non-PKP,Besar,0.1357,0.1224,0.0,Group A,48.58,40.21,0
WP-2026-01353,Badan,Transportasi,50000000.0,0.0118,0.0578,1,0,1,KPP Delta,PKP,Mikro,0.468,0.0266,0.0,Group D,34.31,32.32,0
WP-2026-01354,Badan,Jasa,50000000.0,0.0926,0.0129,0,1,1,KPP Alpha,PKP,Kecil,0.1177,0.039,0.0,Group B,46.17,43.8,1
WP-2026-01355,Orang Pribadi,Konstruksi,50000000.0,-0.03,0.053,1,1,0,KPP Epsilon,PKP,Mikro,0.1764,0.0239,0.0,Group B,22.09,19.67,0
WP-2026-01356,Badan,Digital,50000000.0,0.0584,0.0701,3,2,0,KPP Delta,Non-PKP,Menengah,0.1227,0.0065,98714.0,Group B,45.16,48.23,1
WP-2026-01357,Badan,Konstruksi,400000000.0,0.0609,0.0884,0,2,0,KPP Epsilon,PKP,Menengah,0.1019,0.0852,0.0,Group C,62.9,53.11,1
WP-2026-01358,Badan,Jasa,50000000.0,-0.063,0.0578,1,0,0,KPP Beta,PKP,Menengah,0.2264,0.0159,0.0,Group A,11.94,9.8,0
WP-2026-01359,Badan,Konstruksi,50000000.0,-0.1674,0.2116,0,1,0,KPP Gamma,PKP,Menengah,0.4573,0.1362,0.0,Group A,20.85,19.79,0
WP-2026-01360,Badan,Jasa,50000000.0,0.4261,0.2257,1,0,1,KPP Delta,Non-PKP,Kecil,0.0453,0.085,0.0,Group B,14.95,10.83,0
WP-2026-01361,Badan,Jasa,50000000.0,-0.5934,0.1362,2,2,0,KPP Beta,PKP,Menengah,0.2109,0.127,3575223.0,Group B,37.73,32.09,0
WP-2026-01362,Badan,Manufaktur,50000000.0,0.0142,0.1326,1,1,0,KPP Gamma,Non-PKP,Mikro,0.3068,0.0461,115191.0,Group C,41.39,48.86,1
WP-2026-01363,Badan,Jasa,50000000.0,-0.07,0.1005,2,1,0,KPP Delta,PKP,Menengah,0.2094,0.0886,742516.0,Group D,37.11,36.77,1
WP-2026-01364,Badan,Perdagangan,50000000.0,0.214,0.0608,1,0,0,KPP Epsilon,Non-PKP,Menengah,0.2403,0.1385,0.0,Group C,43.44,30.03,0
WP-2026-01365,Badan,Jasa,50000000.0,-0.3854,0.0664,0,2,0,KPP Delta,Non-PKP,Menengah,0.3305,0.0388,713798.0,Group A,29.99,20.06,0
WP-2026-01366,Badan,Perdagangan,50000000.0,-0.0799,0.0829,1,2,0,KPP Alpha,PKP,Kecil,0.1262,0.1043,216130.0,Group A,40.07,40.71,1
WP-2026-01367,Badan,Jasa,50000000.0,0.0472,0.0551,0,0,1,KPP Gamma,Non-PKP,Menengah,0.0619,0.0996,4257278.0,Group A,24.86,20.5,0
WP-2026-01368,Badan,Manufaktur,50000000.0,0.4224,0.1306,0,0,0,KPP Gamma,Non-PKP,Menengah,0.3837,0.1573,0.0,Group C,13.51,15.46,0
WP-2026-01369,Badan,Digital,50000000.0,0.1863,0.1171,3,1,0,KPP Alpha,Non-PKP,Mikro,0.3788,0.0502,0.0,Group D,45.2,43.07,1
WP-2026-01370,Badan,Perdagangan,50000000.0,-0.2987,0.0382,2,0,0,KPP Gamma,PKP,Kecil,0.047,0.0621,217099.0,Group D,85.64,88.39,1
WP-2026-01371,Badan,Manufaktur,50000000.0,-0.076,0.037,1,0,0,KPP Beta,PKP,Menengah,0.0985,0.0159,1671909.0,Group A,59.59,62.44,1
WP-2026-01372,Orang Pribadi,Jasa,50000000.0,0.3635,0.108,2,1,0,KPP Alpha,Non-PKP,Kecil,0.2198,0.0465,0.0,Group C,61.59,65.14,0
WP-2026-01373,Badan,Perdagangan,50000000.0,-0.3042,0.0465,0,1,0,KPP Gamma,PKP,Mikro,0.2443,0.0069,421986.0,Group B,31.85,21.76,0
WP-2026-01374,Orang Pribadi,Perdagangan,50000000.0,0.0548,0.0264,2,0,0,KPP Alpha,Non-PKP,Mikro,0.061,0.0882,1759278.0,Group C,82.79,85.67,1
WP-2026-01375,Orang Pribadi,Perdagangan,50000000.0,0.0771,0.0858,1,0,0,KPP Gamma,PKP,Mikro,0.4388,0.0114,1419607.0,Group B,22.92,16.07,0
WP-2026-01376,Badan,Perdagangan,50000000.0,-0.0435,0.0578,2,2,0,KPP Alpha,PKP,Kecil,0.0885,0.1098,0.0,Group A,48.44,51.03,0
WP-2026-01377,Badan,Perdagangan,50000000.0,0.9426,0.1673,2,1,0,KPP Delta,Non-PKP,Menengah,0.054,0.2455,0.0,Group A,42.71,45.99,1
WP-2026-01378,Orang Pribadi,Jasa,50000000.0,-0.0521,0.0358,2,1,0,KPP Alpha,PKP,Mikro,0.135,0.1667,3610498.0,Group D,76.68,74.34,1
WP-2026-01379,Badan,Manufaktur,50000000.0,0.2239,0.0703,0,3,1,KPP Epsilon,PKP,Menengah,0.1923,0.0483,0.0,Group B,27.91,35.71,0
WP-2026-01380,Badan,Perdagangan,50000000.0,-0.1652,0.0556,0,1,0,KPP Alpha,PKP,Kecil,0.3567,0.0299,760395.0,Group A,13.3,9.31,0
WP-2026-01381,Badan,Perdagangan,50000000.0,0.2489,0.0417,2,1,1,KPP Gamma,PKP,Kecil,0.3852,0.1474,0.0,Group A,89.55,90.37,1
WP-2026-01382,Badan,Perdagangan,50000000.0,0.3587,0.0577,0,1,0,KPP Beta,PKP,Kecil,0.4121,0.0185,0.0,Group A,5.17,8.48,0
WP-2026-01383,Badan,Manufaktur,50000000.0,-0.1081,0.0448,1,1,0,KPP Beta,PKP,Menengah,0.2386,0.0272,820585.0,Group D,58.53,63.12,0
WP-2026-01384,Orang Pribadi,Jasa,50000000.0,0.0625,0.0517,1,1,1,KPP Gamma,PKP,Besar,0.2509,0.0685,0.0,Group A,49.31,37.48,0
WP-2026-01385,Orang Pribadi,Manufaktur,50000000.0,-0.2065,0.2664,2,0,0,KPP Delta,PKP,Kecil,0.2587,0.101,0.0,Group A,43.86,44.07,0
WP-2026-01386,Badan,Perdagangan,50000000.0,-0.2862,0.0289,0,0,0,KPP Epsilon,PKP,Mikro,0.2132,0.224,729772.0,Group C,79.66,80.12,1
WP-2026-01387,Badan,Perdagangan,50000000.0,0.4118,0.0907,0,2,1,KPP Beta,Non-PKP,Kecil,0.1319,0.0351,1086146.0,Group B,19.56,14.32,0
WP-2026-01388,Badan,Dagang,50000000.0,-0.0973,0.1421,2,2,0,KPP Alpha,Non-PKP,Mikro,0.024,0.0748,5530787.0,Group A,37.95,43.0,0
WP-2026-01389,Orang Pribadi,,50000000.0,-0.6924,0.1373,2,1,1,KPP Delta,PKP,Besar,0.4959,0.048,0.0,Group A,61.28,54.48,1
WP-2026-01390,Badan,Perdagangan,50000000.0,0.6449,0.0273,2,1,0,KPP Gamma,Non-PKP,Mikro,0.1089,0.0137,0.0,Group A,82.4,82.61,1
WP-2026-01391,Orang Pribadi,Perdagangan,50000000.0,-0.1767,0.0913,1,2,1,KPP Alpha,PKP,Besar,0.2644,0.0488,0.0,Group A,29.25,37.55,0
WP-2026-01392,Orang Pribadi,Digital,50000000.0,0.0012,0.0297,0,1,0,KPP Delta,PKP,Menengah,0.2232,0.0735,0.0,Group A,36.67,39.85,1
WP-2026-01393,Badan,Manufaktur,50000000.0,0.6051,0.3425,0,0,0,KPP Gamma,PKP,Menengah,0.2255,0.0312,0.0,Group A,0.06,6.63,0
WP-2026-01394,Badan,Manufaktur,50000000.0,0.0346,0.1369,0,3,1,KPP Delta,Non-PKP,Besar,0.1695,0.1277,0.0,Group C,75.94,75.45,1
WP-2026-01395,Orang Pribadi,Digital,50000000.0,0.0277,0.0656,2,0,0,KPP Beta,PKP,Mikro,0.2703,0.0204,0.0,Group C,52.37,57.13,0
WP-2026-01396,Badan,Perdagangan,50000000.0,-0.313,,0,0,0,KPP Gamma,PKP,Menengah,0.4881,0.0251,0.0,Group D,5.48,10.9,0
WP-2026-01397,Badan,Digital,50000000.0,-0.4431,0.0262,1,1,1,KPP Alpha,Non-PKP,Mikro,0.2924,0.0785,216122.0,Group B,74.05,72.3,1
WP-2026-01398,Orang Pribadi,Perdagangan,50000000.0,0.0268,0.1635,0,0,1,KPP Delta,Non-PKP,Besar,0.3323,0.2689,1202813.0,Group A,30.18,29.92,0
WP-2026-01399,Badan,Manufaktur,50000000.0,0.1961,0.0689,0,0,0,KPP Alpha,Non-PKP,Menengah,0.0685,0.0579,0.0,Group D,25.82,18.56,1
WP-2026-01400,Badan,Jasa,50000000.0,0.1778,0.0603,2,0,0,KPP Delta,Non-PKP,Mikro,0.5424,0.0069,621017.0,Group C,66.16,59.17,0
WP-2026-01401,Badan,Jasa,50000000.0,-0.074,0.0391,0,0,1,KPP Delta,Non-PKP,Menengah,0.298,0.1351,0.0,Group B,49.45,49.08,0
WP-2026-01402,Badan,,50000000.0,0.0865,0.3057,0,0,0,KPP Delta,PKP,Mikro,0.367,0.0521,0.0,Group A,12.6,9.6,0
WP-2026-01403,Orang Pribadi,Perdagangan,50000000.0,-0.5079,0.1203,1,0,0,KPP Alpha,Non-PKP,Mikro,0.2126,0.1133,0.0,Group A,19.14,27.58,0
WP-2026-01404,Badan,Digital,50000000.0,0.2273,0.1593,3,1,0,KPP Beta,PKP,Menengah,0.7417,0.2151,508971.0,Group B,63.36,59.18,1
WP-2026-01405,Badan,Jasa,50000000.0,0.1316,0.0532,2,0,0,KPP Gamma,PKP,Kecil,0.3128,0.0169,0.0,Group B,28.57,26.1,0
WP-2026-01406,Badan,Manufaktur,50000000.0,0.7116,0.084,1,1,1,KPP Gamma,Non-PKP,Besar,0.1344,0.0567,0.0,Group A,53.44,47.72,0
WP-2026-01407,Orang Pribadi,Digital,88535139.0,0.0824,0.1429,1,0,0,KPP Epsilon,PKP,Menengah,0.0882,0.1484,0.0,Group D,20.57,22.41,0
WP-2026-01408,Badan,Perdagangan,550000000.0,-0.2217,0.1465,1,0,1,KPP Beta,PKP,Menengah,0.0361,0.0481,0.0,Group B,21.89,23.67,0
WP-2026-01409,Orang Pribadi,Digital,50000000.0,0.0638,0.064,2,1,0,KPP Epsilon,PKP,Kecil,0.349,0.0755,0.0,Group B,23.77,25.52,0
WP-2026-01410,Badan,Manufaktur,50000000.0,-0.0249,0.1462,1,0,0,KPP Alpha,Non-PKP,Mikro,0.1735,0.1019,0.0,Group A,17.99,9.38,1
WP-2026-01411,Orang Pribadi,Konstruksi,50000000.0,0.2191,0.0985,1,1,0,KPP Beta,Non-PKP,Besar,0.3815,0.0733,4111047.0,Group C,56.02,54.32,1
WP-2026-01412,Orang Pribadi,Perdagangan,50000000.0,0.0886,0.0484,1,2,1,KPP Alpha,PKP,Mikro,0.4492,0.0522,568990.0,Group C,64.9,73.88,0
WP-2026-01413,Orang Pribadi,Manufaktur,50000000.0,-0.3232,0.2619,1,0,0,KPP Delta,PKP,Menengah,0.1854,0.0529,0.0,Group A,20.91,17.05,0
WP-2026-01414,Orang Pribadi,Konstruksi,50000000.0,-0.4434,0.0395,2,3,0,KPP Alpha,Non-PKP,Kecil,0.0673,0.0477,1469637.0,Group B,93.55,96.33,1
WP-2026-01415,Badan,Jasa,50000000.0,0.1641,0.0395,1,0,0,KPP Beta,PKP,Kecil,0.559,0.0528,0.0,Group B,75.46,68.95,1
WP-2026-01416,Orang Pribadi,Perdagangan,50000000.0,0.5226,0.1187,0,0,0,KPP Delta,PKP,Menengah,0.1991,0.0759,440872.0,Group C,31.94,28.7,1
WP-2026-01417,Badan,Perdagangan,50000000.0,0.1054,0.0978,1,0,0,KPP Gamma,PKP,Menengah,0.4179,0.0327,0.0,Group A,43.19,35.75,1
WP-2026-01418,Badan,Transportasi,50000000.0,0.3403,0.1223,2,1,0,KPP Alpha,PKP,Menengah,0.1499,0.1179,0.0,Group C,66.17,59.94,1
WP-2026-01419,Orang Pribadi,Perdagangan,50000000.0,0.4041,0.1689,0,1,0,KPP Alpha,PKP,Besar,0.0787,0.0069,526016.0,Group B,22.01,16.38,0
WP-2026-01420,Orang Pribadi,Konstruksi,50000000.0,0.1654,0.081,1,2,0,KPP Gamma,Non-PKP,Kecil,0.3049,0.159,663629.0,Group A,43.69,36.88,0
WP-2026-01421,Badan,Digital,50000000.0,-0.1806,0.1229,2,0,0,KPP Beta,PKP,Kecil,0.2383,0.0936,0.0,Group A,33.72,28.83,0
WP-2026-01422,Badan,Perdagangan,50000000.0,0.1425,,2,1,0,KPP Alpha,Non-PKP,Mikro,0.2967,0.0184,0.0,Group A,26.31,30.47,0
WP-2026-01423,Badan,Perdagangan,50000000.0,0.4663,0.0421,2,1,1,KPP Delta,Non-PKP,Menengah,0.1253,0.041,347174.0,Group A,86.56,93.42,1
WP-2026-01424,Badan,Konstruksi,50000000.0,0.2496,0.0502,3,1,1,KPP Beta,PKP,Kecil,0.137,0.0815,0.0,Group B,60.21,65.2,0
WP-2026-01425,Badan,perdagangan,50000000.0,0.3194,0.0981,1,0,0,KPP Gamma,Non-PKP,Menengah,0.5613,0.2499,1038500.0,Group C,70.76,66.38,0
WP-2026-01426,Badan,Manufaktur,50000000.0,-0.068,0.0718,0,2,0,KPP Beta,PKP,Mikro,0.5251,0.0248,0.0,Group A,0.0,10.06,0
WP-2026-01427,Badan,Konstruksi,50000000.0,0.0152,0.1091,4,0,0,KPP Alpha,PKP,Menengah,0.2145,0.1299,0.0,Group D,58.91,59.0,1
WP-2026-01428,Badan,Manufaktur,50000000.0,0.042,0.1602,3,1,0,KPP Alpha,PKP,Menengah,0.0545,0.0925,0.0,Group A,34.35,35.95,0
WP-2026-01429,Orang Pribadi,Jasa,50000000.0,0.0636,0.0354,2,0,0,KPP Beta,Non-PKP,Besar,0.1342,0.0408,0.0,Group B,72.57,65.23,0
WP-2026-01430,Badan,Konstruksi,50000000.0,0.4537,0.0912,1,0,0,KPP Alpha,Non-PKP,Mikro,0.1858,0.0166,1055195.0,Group D,12.93,13.63,0
WP-2026-01431,Orang Pribadi,Manufaktur,50000000.0,-0.6711,0.1907,0,1,0,KPP Beta,PKP,Besar,0.4085,0.1026,0.0,Group C,43.01,45.22,0
WP-2026-01432,Badan,Perdagangan,50000000.0,0.0898,0.0324,3,0,0,KPP Epsilon,Non-PKP,Kecil,0.203,0.0111,0.0,Group B,78.22,70.33,1
WP-2026-01433,Badan,Manufaktur,50000000.0,0.0546,0.0199,0,0,0,KPP Delta,PKP,Kecil,0.2537,0.0602,0.0,Group C,85.9,86.45,1
WP-2026-01434,Badan,Transportasi,50000000.0,-0.3589,0.0809,4,0,0,KPP Beta,PKP,Kecil,0.1658,0.0848,0.0,Group A,36.74,38.26,0
WP-2026-01435,Badan,Konstruksi,50000000.0,0.295,0.0648,1,1,0,KPP Gamma,PKP,Kecil,0.1148,0.0866,0.0,Group A,29.58,32.52,0
WP-2026-01436,Orang Pribadi,Jasa,50000000.0,-0.1518,0.1494,2,1,0,KPP Gamma,Non-PKP,Menengah,0.4397,0.0409,0.0,Group B,31.47,29.75,1
WP-2026-01437,Badan,Jasa,50000000.0,-0.0343,0.185,2,1,0,KPP Delta,PKP,Kecil,0.7147,0.1144,0.0,Group A,50.02,52.01,0
WP-2026-01438,Badan,Perdagangan,50000000.0,0.6716,0.1753,0,2,1,KPP Beta,PKP,Kecil,0.4997,0.0611,700163.0,Group A,25.39,27.36,1
WP-2026-01439,Orang Pribadi,Perdagangan,50000000.0,0.4032,0.1707,3,1,0,KPP Beta,Non-PKP,Menengah,0.24,0.0526,0.0,Group A,62.85,54.15,0
WP-2026-01440,Orang Pribadi,Perdagangan,50000000.0,0.2638,0.0671,1,2,0,KPP Beta,PKP,Menengah,0.3269,0.0719,1202238.0,Group D,31.88,31.58,0
WP-2026-01441,Badan,Digital,50000000.0,0.2018,0.0836,1,1,1,KPP Alpha,PKP,Menengah,0.0625,0.1019,0.0,Group D,28.95,31.64,0
WP-2026-01442,Badan,Perdagangan,50000000.0,0.0273,0.1321,1,1,0,KPP Beta,PKP,Menengah,0.1773,0.1296,0.0,Group C,51.36,57.33,1
WP-2026-01443,Badan,Transportasi,50000000.0,0.7198,0.1414,0,1,0,KPP Epsilon,PKP,Mikro,0.1325,0.0045,0.0,Group C,56.62,55.43,1
WP-2026-01444,Badan,Perdagangan,50000000.0,0.3367,0.0639,1,0,0,KPP Epsilon,PKP,Menengah,0.2926,0.0396,1136754.0,Group A,5.88,9.24,0
WP-2026-01445,Badan,Jasa,50000000.0,-0.1599,0.1189,0,1,0,KPP Alpha,PKP,Mikro,0.1789,0.0134,0.0,Group A,11.82,14.03,0
WP-2026-01446,Badan,Jasa,50000000.0,-0.368,0.1387,0,0,0,KPP Gamma,Non-PKP,Kecil,0.2423,0.0685,0.0,Group B,4.66,9.77,0
WP-2026-01447,Orang Pribadi,Jasa,50000000.0,0.2614,0.0438,3,0,0,KPP Beta,Non-PKP,Mikro,0.2213,0.1688,0.0,Group B,73.35,72.17,1
WP-2026-01448,Badan,Konstruksi,50000000.0,0.0621,0.1029,3,2,1,KPP Gamma,Non-PKP,Menengah,0.0491,0.1505,0.0,Group A,50.31,58.13,1
WP-2026-01449,Badan,Digital,50000000.0,-0.3773,0.0894,0,1,0,KPP Gamma,PKP,Kecil,0.2022,0.1079,0.0,Group B,11.64,9.17,0
WP-2026-01450,Badan,Transportasi,50000000.0,0.2171,0.1322,0,0,0,KPP Alpha,PKP,Menengah,0.0933,0.076,104800.0,Group B,5.44,8.72,0
WP-2026-01451,Orang Pribadi,Perdagangan,50000000.0,-0.0061,0.1467,1,0,0,KPP Delta,PKP,Kecil,0.2069,0.0881,0.0,Group A,17.4,13.1,1
WP-2026-01452,Badan,Konstruksi,50000000.0,0.2498,0.0635,1,2,0,KPP Epsilon,PKP,Kecil,0.368,0.0594,254381.0,Group A,45.24,42.33,0
WP-2026-01453,Orang Pribadi,Perdagangan,50000000.0,0.2214,0.0602,3,0,0,KPP Delta,PKP,Kecil,0.1746,0.1793,308916.0,Group B,31.29,30.67,1
WP-2026-01454,Orang Pribadi,Digital,50000000.0,-0.1146,0.1593,2,1,0,KPP Delta,PKP,Mikro,0.2793,0.0559,0.0,Group B,44.93,39.85,0
WP-2026-01455,Badan,Manufaktur,50000000.0,0.2825,0.1557,1,1,0,KPP Gamma,Non-PKP,Kecil,0.1556,0.0389,0.0,Group D,33.13,23.79,0
WP-2026-01456,Badan,Jasa,50000000.0,-0.0793,0.1638,1,0,0,KPP Beta,Non-PKP,Menengah,0.0548,0.0519,2846127.0,Group B,16.45,8.84,0
WP-2026-01457,Badan,Perdagangan,50000000.0,-0.0585,0.1805,1,1,0,KPP Alpha,PKP,Menengah,0.201,0.0178,0.0,Group C,35.05,42.92,0
WP-2026-01458,Badan,Perdagangan,50000000.0,-0.0903,0.1945,1,1,1,KPP Gamma,Non-PKP,Mikro,0.1122,0.0988,0.0,Group C,69.78,73.41,1
WP-2026-01459,Orang Pribadi,Perdagangan,50000000.0,0.4419,0.1715,1,2,0,KPP Alpha,PKP,Menengah,0.1081,0.1342,0.0,Group A,37.78,40.68,1
WP-2026-01460,Badan,Digital,50000000.0,-0.0098,0.1302,3,0,0,KPP Delta,Non-PKP,Kecil,0.0847,0.0567,0.0,Group B,37.66,33.83,0
WP-2026-01461,Orang Pribadi,Konstruksi,50000000.0,0.5192,0.0902,2,1,0,KPP Gamma,PKP,Mikro,0.2981,0.02,254096.0,Group B,34.01,37.15,0
WP-2026-01462,Badan,Digital,50000000.0,0.6507,0.2887,4,1,1,KPP Gamma,PKP,Mikro,0.4825,0.1814,913910.0,Group B,68.12,71.49,1
WP-2026-01463,Badan,Perdagangan,50000000.0,-0.1564,0.125,0,1,0,KPP Beta,PKP,Kecil,0.55,0.0311,0.0,Group A,4.52,8.93,0
WP-2026-01464,Badan,Manufaktur,50000000.0,-0.8547,0.0354,3,0,0,KPP Epsilon,PKP,Kecil,0.1272,0.1363,0.0,Group D,91.66,89.87,1
WP-2026-01465,Badan,Perdagangan,50000000.0,0.4142,0.0334,1,2,1,KPP Alpha,Non-PKP,Menengah,0.1073,0.0344,0.0,Group D,87.23,83.42,1
WP-2026-01466,Badan,Manufaktur,50000000.0,-0.0294,0.1493,2,0,0,KPP Alpha,PKP,Kecil,0.3385,0.0964,0.0,Group A,3.07,10.34,0
WP-2026-01467,Badan,Jasa,50000000.0,-0.1972,0.1507,1,0,0,KPP Alpha,Non-PKP,Menengah,0.2927,0.0339,0.0,Group A,12.16,15.25,0
WP-2026-01468,Badan,Jasa,50000000.0,-0.1084,0.0114,2,0,0,KPP Delta,PKP,Kecil,0.253,0.0046,0.0,Group A,39.43,50.8,1
WP-2026-01469,Orang Pribadi,Manufaktur,50000000.0,-0.0527,0.0869,2,1,0,KPP Epsilon,Non-PKP,Menengah,0.3383,0.0633,138366.0,Group C,41.2,55.55,0
WP-2026-01470,Badan,Perdagangan,50000000.0,0.4951,0.1098,1,3,0,KPP Beta,PKP,Menengah,0.4164,0.0077,0.0,Group B,36.42,33.51,0
WP-2026-01471,Orang Pribadi,Jasa,50000000.0,0.1312,0.1564,3,0,1,KPP Epsilon,Non-PKP,Kecil,0.1952,0.0861,0.0,Group A,45.52,43.63,1
WP-2026-01472,Badan,Manufaktur,50000000.0,0.4908,0.1639,0,1,0,KPP Beta,Non-PKP,Mikro,0.225,0.0212,2260611.0,Group C,33.86,32.83,0
WP-2026-01473,Badan,Perdagangan,50000000.0,0.2382,0.0825,0,0,0,KPP Delta,PKP,Menengah,0.1517,0.0918,0.0,Group A,25.9,16.38,0
WP-2026-01474,Badan,Digital,50000000.0,-0.019,0.0374,2,2,0,KPP Alpha,PKP,Besar,0.1202,0.0043,0.0,Group B,68.57,78.62,1
WP-2026-01475,Badan,Manufaktur,50000000.0,-0.0449,0.0787,2,0,0,KPP Gamma,PKP,Besar,0.4969,0.1575,158512.0,Group B,10.33,22.81,0
WP-2026-01476,Badan,Transportasi,50000000.0,0.2597,0.099,2,0,0,KPP Delta,PKP,Kecil,0.2818,0.0485,1078040.0,Group B,17.37,24.11,0
WP-2026-01477,Badan,Manufaktur,50000000.0,0.3425,0.0861,1,1,1,KPP Gamma,Non-PKP,Menengah,0.1771,0.1758,0.0,Group B,34.8,47.52,1
WP-2026-01478,Orang Pribadi,Konstruksi,50000000.0,0.399,0.0818,4,2,0,KPP Beta,PKP,Kecil,0.2617,0.049,85999.0,Group A,44.48,48.16,0
WP-2026-01479,Badan,Konstruksi,50000000.0,-0.0037,0.0221,1,3,1,KPP Delta,Non-PKP,Mikro,0.293,0.0828,0.0,Group B,97.08,93.58,1
WP-2026-01480,Badan,Transportasi,50000000.0,0.1361,0.059,1,0,0,KPP Epsilon,Non-PKP,Menengah,0.1681,0.0764,0.0,Group D,15.38,13.6,0
WP-2026-01481,Badan,Dagang,50000000.0,0.2669,0.0603,1,3,0,KPP Gamma,Non-PKP,Menengah,0.1281,0.043,0.0,Group B,37.77,31.61,0
WP-2026-01482,Badan,Perdagangan,50000000.0,-0.0429,,2,1,0,KPP Delta,PKP,Menengah,0.0512,0.0718,0.0,Group D,42.2,39.98,1
WP-2026-01483,Badan,Perdagangan,50000000.0,-0.2832,0.042,1,0,1,KPP Delta,PKP,Menengah,0.1593,0.059,0.0,Group B,66.23,68.66,1
WP-2026-01484,Badan,Manufaktur,50000000.0,-0.178,0.0689,2,0,0,KPP Beta,Non-PKP,Kecil,0.1138,0.0576,452616.0,Group C,44.44,47.6,0
WP-2026-01485,Badan,Perdagangan,50000000.0,0.0029,0.0522,1,0,0,KPP Epsilon,Non-PKP,Menengah,0.3184,0.1778,0.0,Group A,27.62,24.99,0
WP-2026-01486,Badan,Perdagangan,50000000.0,0.2919,0.2241,0,1,0,KPP Beta,PKP,Kecil,0.2225,0.0898,0.0,Group C,34.67,43.85,1
WP-2026-01487,Orang Pribadi,Perdagangan,50000000.0,0.4829,0.1213,1,1,0,KPP Delta,Non-PKP,Mikro,0.5576,0.108,669464.0,Group A,6.94,26.01,0
WP-2026-01488,Badan,Manufaktur,50000000.0,-0.3539,0.1397,4,0,0,KPP Alpha,PKP,Kecil,0.4145,0.1153,0.0,Group A,71.06,68.72,1
WP-2026-01489,Orang Pribadi,Perdagangan,50000000.0,-0.1112,0.1065,0,1,1,KPP Beta,Non-PKP,Besar,0.1499,0.1395,701790.0,Group A,30.59,29.18,0
WP-2026-01490,Badan,Manufaktur,50000000.0,-0.0345,0.34,2,0,0,KPP Gamma,PKP,Kecil,0.368,0.0198,671561.0,Group A,26.21,16.8,0
WP-2026-01491,Badan,Konstruksi,50000000.0,0.3343,0.0674,0,1,0,KPP Gamma,Non-PKP,Mikro,0.3973,0.0188,0.0,Group D,23.15,18.97,0
WP-2026-01492,Orang Pribadi,Transportasi,50000000.0,-0.089,0.1752,1,0,0,KPP Delta,Non-PKP,Menengah,0.2457,0.1394,0.0,Group D,28.84,26.99,0
WP-2026-01493,Badan,Jasa,50000000.0,-0.0575,0.0962,2,1,0,KPP Epsilon,PKP,Besar,0.3043,0.1743,0.0,Group C,44.51,46.38,0
WP-2026-01494,Orang Pribadi,Dagang,50000000.0,-0.3718,0.0979,0,0,0,KPP Alpha,PKP,Besar,0.1524,0.0897,933347.0,Group A,11.78,16.65,1
WP-2026-01495,Badan,Manufaktur,50000000.0,0.2347,0.1007,2,1,0,KPP Beta,Non-PKP,Menengah,0.1259,0.179,0.0,Group D,33.46,35.14,1
WP-2026-01496,Badan,Jasa,50000000.0,0.0284,0.1669,1,2,0,KPP Beta,Non-PKP,Kecil,0.0835,0.0227,0.0,Group C,69.71,63.98,0
WP-2026-01497,Orang Pribadi,Manufaktur,65988237.0,-0.1293,0.1125,0,1,0,KPP Gamma,PKP,Menengah,0.1046,0.2149,0.0,Group A,16.29,13.51,0
WP-2026-01498,Badan,Perdagangan,50000000.0,-0.003,0.1701,1,0,1,KPP Gamma,Non-PKP,Menengah,0.0904,0.0264,0.0,Group B,37.31,31.71,0
WP-2026-01499,Badan,Digital,50000000.0,0.4406,0.0115,4,2,0,KPP Delta,PKP,Besar,0.1057,0.0349,0.0,Group C,99.17,98.53,1
WP-2026-01500,Badan,Perdagangan,50000000.0,-0.2416,0.0308,0,0,0,KPP Delta,PKP,Menengah,0.119,0.0847,0.0,Group A,47.09,52.49,1
